-- phpMyAdmin SQL Dump
-- version 3.5.2
-- http://www.phpmyadmin.net
--
-- Inang: localhost
-- Waktu pembuatan: 25 Okt 2024 pada 11.27
-- Versi Server: 5.5.25a
-- Versi PHP: 5.4.4

SET SQL_MODE="NO_AUTO_VALUE_ON_ZERO";
SET time_zone = "+00:00";


/*!40101 SET @OLD_CHARACTER_SET_CLIENT=@@CHARACTER_SET_CLIENT */;
/*!40101 SET @OLD_CHARACTER_SET_RESULTS=@@CHARACTER_SET_RESULTS */;
/*!40101 SET @OLD_COLLATION_CONNECTION=@@COLLATION_CONNECTION */;
/*!40101 SET NAMES utf8 */;

--
-- Basis data: `kayaba_project`
--

-- --------------------------------------------------------

--
-- Struktur dari tabel `approve`
--

CREATE TABLE IF NOT EXISTS `approve` (
  `id_form` int(11) NOT NULL,
  `status` int(11) NOT NULL,
  `tanggal` datetime NOT NULL,
  KEY `id_form` (`id_form`)
) ENGINE=InnoDB DEFAULT CHARSET=latin1;

--
-- Dumping data untuk tabel `approve`
--

INSERT INTO `approve` (`id_form`, `status`, `tanggal`) VALUES
(1, 2, '2024-07-19 04:00:00'),
(2, 1, '2024-07-20 12:00:00'),
(4, 3, '2024-07-19 04:00:00'),
(5, 0, '2024-07-20 12:00:00');

-- --------------------------------------------------------

--
-- Struktur dari tabel `auth_user`
--

CREATE TABLE IF NOT EXISTS `auth_user` (
  `npk` int(10) NOT NULL AUTO_INCREMENT,
  `password` varchar(255) NOT NULL,
  `role` int(1) NOT NULL,
  PRIMARY KEY (`npk`)
) ENGINE=InnoDB  DEFAULT CHARSET=latin1 AUTO_INCREMENT=99888 ;

--
-- Dumping data untuk tabel `auth_user`
--

INSERT INTO `auth_user` (`npk`, `password`, `role`) VALUES
(11223, '$2a$12$1NwkuJnF1cW6wlhlOTGaA.RIb1ROmHyvHKGig.563LEYS6F.hZX6q', 2),
(12345, '$2a$12$JFWcPybfkrwhTRJQTX0EPu5HqNqtKZwZpsUa/KQEb4it8UlzBNBuq', 1),
(33333, '$2a$12$eln2V/2a.1ORP8zCGnVMkuXkv4mDoNNz1ypINR9DKGcYMmL6ODB6a', 3),
(54321, '$2a$12$1DBylRTq01W0Fb0H45NqW.nIpYPQAas5KRuXWz7WlqTsrzBH8VvlO', 3),
(55555, '$2a$12$Xo3g/0WfCOurl7qdTVxc..uc8l0UHQZiB1ucRJ5OJzNy4kKsqQSFy', 2),
(99887, '$2a$12$LKhULa03saMeVcMPBeCdxuIWxdKkxWAg.iNoeQfkn/QMYYDIIGEXO', 1);

-- --------------------------------------------------------

--
-- Struktur dari tabel `buffer`
--

CREATE TABLE IF NOT EXISTS `buffer` (
  `id_buffer` int(11) NOT NULL AUTO_INCREMENT,
  `id_form` int(11) NOT NULL,
  `id_inspeksi` int(11) NOT NULL,
  `s1` double NOT NULL,
  `s2` double NOT NULL,
  `s3` double NOT NULL,
  `s4` double NOT NULL,
  `s5` double NOT NULL,
  `s6` double NOT NULL,
  `s7` double NOT NULL,
  `s8` double NOT NULL,
  `s9` double NOT NULL,
  `s10` double NOT NULL,
  `status` int(1) NOT NULL,
  PRIMARY KEY (`id_buffer`),
  KEY `id_form` (`id_form`,`id_inspeksi`)
) ENGINE=InnoDB  DEFAULT CHARSET=latin1 AUTO_INCREMENT=238 ;

--
-- Dumping data untuk tabel `buffer`
--

INSERT INTO `buffer` (`id_buffer`, `id_form`, `id_inspeksi`, `s1`, `s2`, `s3`, `s4`, `s5`, `s6`, `s7`, `s8`, `s9`, `s10`, `status`) VALUES
(71, 213, 57, 11.88, 11.88, 0, 0, 0, 0, 0, 0, 0, 0, 0),
(72, 213, 59, 11.88, 0, 0, 0, 0, 0, 0, 0, 0, 0, 0),
(73, 213, 62, 11.88, 0, 0, 0, 0, 0, 0, 0, 0, 0, 0),
(74, 213, 64, 11.88, 0, 0, 0, 0, 0, 0, 0, 0, 0, 0),
(75, 213, 65, 11.88, 0, 0, 0, 0, 0, 0, 0, 0, 0, 0),
(76, 213, 67, 11.88, 0, 0, 0, 0, 0, 0, 0, 0, 0, 0),
(77, 213, 52, 11.73, 0, 0, 0, 0, 0, 0, 0, 0, 0, 0),
(78, 213, 58, 11.73, 0, 0, 0, 0, 0, 0, 0, 0, 0, 0),
(79, 213, 63, 11.73, 0, 0, 0, 0, 0, 0, 0, 0, 0, 0),
(80, 213, 66, 11.73, 0, 0, 0, 0, 0, 0, 0, 0, 0, 0),
(95, 214, 65, 0, 0, 0, 0, 0, 0, 0, 0, 0, 0, 0),
(96, 215, 57, 0, 0, 0, 0, 0, 0, 0, 0, 0, 0, 0),
(97, 215, 59, 11.94, 0, 0, 0, 0, 0, 0, 0, 0, 0, 1),
(98, 215, 62, 11.94, 0, 0, 0, 0, 0, 0, 0, 0, 0, 1),
(99, 215, 64, 11.94, 0, 0, 0, 0, 0, 0, 0, 0, 0, 1),
(100, 215, 65, 11.94, 0, 0, 0, 0, 0, 0, 0, 0, 0, 1),
(101, 215, 67, 11.94, 0, 0, 0, 0, 0, 0, 0, 0, 0, 1),
(102, 215, 52, 11.72, 0, 0, 0, 0, 0, 0, 0, 0, 0, 1),
(103, 215, 58, 11.72, 0, 0, 0, 0, 0, 0, 0, 0, 0, 1),
(104, 215, 63, 11.72, 0, 0, 0, 0, 0, 0, 0, 0, 0, 0),
(105, 215, 66, 11.72, 0, 0, 0, 0, 0, 0, 0, 0, 0, 0),
(106, 215, 57, 11.94, 0, 0, 0, 0, 0, 0, 0, 0, 0, 0),
(107, 215, 59, 11.94, 11.94, 0, 0, 0, 0, 0, 0, 0, 0, 0),
(108, 215, 62, 11.94, 12.14, 0, 0, 0, 0, 0, 0, 0, 0, 0),
(109, 215, 64, 11.94, 12.14, 0, 0, 0, 0, 0, 0, 0, 0, 0),
(110, 215, 65, 11.94, 12.14, 0, 0, 0, 0, 0, 0, 0, 0, 0),
(111, 215, 67, 11.94, 12.14, 0, 0, 0, 0, 0, 0, 0, 0, 0),
(112, 215, 52, 11.72, 11.72, 0, 0, 0, 0, 0, 0, 0, 0, 0),
(113, 215, 58, 11.72, 11.72, 0, 0, 0, 0, 0, 0, 0, 0, 0),
(114, 215, 63, 11.72, 11.72, 0, 0, 0, 0, 0, 0, 0, 0, 0),
(115, 215, 66, 11.72, 11.72, 0, 0, 0, 0, 0, 0, 0, 0, 0),
(116, 216, 57, 12.14, 0, 0, 0, 0, 0, 0, 0, 0, 0, 0),
(117, 216, 59, 12.14, 0, 0, 0, 0, 0, 0, 0, 0, 0, 0),
(118, 216, 62, 12.14, 0, 0, 0, 0, 0, 0, 0, 0, 0, 0),
(119, 216, 64, 12.14, 0, 0, 0, 0, 0, 0, 0, 0, 0, 0),
(120, 216, 65, 12.14, 0, 0, 0, 0, 0, 0, 0, 0, 0, 0),
(121, 216, 67, 12.14, 0, 0, 0, 0, 0, 0, 0, 0, 0, 0),
(122, 216, 52, 11.72, 0, 0, 0, 0, 0, 0, 0, 0, 0, 0),
(123, 216, 58, 11.72, 0, 0, 0, 0, 0, 0, 0, 0, 0, 0),
(124, 216, 63, 11.72, 0, 0, 0, 0, 0, 0, 0, 0, 0, 0),
(125, 216, 66, 11.72, 0, 0, 0, 0, 0, 0, 0, 0, 0, 0),
(126, 217, 57, 12.14, 0, 0, 0, 0, 0, 0, 0, 0, 0, 0),
(127, 217, 59, 12.14, 0, 0, 0, 0, 0, 0, 0, 0, 0, 0),
(128, 217, 62, 12.14, 0, 0, 0, 0, 0, 0, 0, 0, 0, 0),
(129, 217, 64, 12.14, 0, 0, 0, 0, 0, 0, 0, 0, 0, 0),
(130, 217, 65, 12.14, 0, 0, 0, 0, 0, 0, 0, 0, 0, 0),
(131, 217, 67, 12.14, 0, 0, 0, 0, 0, 0, 0, 0, 0, 0),
(132, 217, 52, 11.72, 0, 0, 0, 0, 0, 0, 0, 0, 0, 0),
(133, 217, 58, 11.7, 0, 0, 0, 0, 0, 0, 0, 0, 0, 0),
(134, 217, 63, 11.7, 0, 0, 0, 0, 0, 0, 0, 0, 0, 0),
(135, 217, 66, 11.72, 0, 0, 0, 0, 0, 0, 0, 0, 0, 0),
(136, 217, 57, 12.14, 12.22, 0, 0, 0, 0, 0, 0, 0, 0, 0),
(137, 217, 59, 12.14, 12.22, 0, 0, 0, 0, 0, 0, 0, 0, 0),
(138, 217, 62, 12.14, 12.22, 0, 0, 0, 0, 0, 0, 0, 0, 0),
(139, 217, 64, 12.14, 12.22, 0, 0, 0, 0, 0, 0, 0, 0, 0),
(140, 217, 65, 12.14, 12.22, 0, 0, 0, 0, 0, 0, 0, 0, 0),
(141, 217, 67, 12.14, 12.22, 0, 0, 0, 0, 0, 0, 0, 0, 0),
(142, 217, 52, 11.72, 11.96, 0, 0, 0, 0, 0, 0, 0, 0, 0),
(143, 217, 58, 11.7, 11.96, 0, 0, 0, 0, 0, 0, 0, 0, 0),
(144, 217, 63, 11.7, 11.96, 0, 0, 0, 0, 0, 0, 0, 0, 0),
(145, 217, 66, 11.72, 11.96, 0, 0, 0, 0, 0, 0, 0, 0, 0),
(146, 218, 57, 1.41, 0, 0, 0, 0, 0, 0, 0, 0, 0, 0),
(147, 218, 59, 1.41, 0, 0, 0, 0, 0, 0, 0, 0, 0, 0),
(148, 218, 62, 1.41, 1.41, 0, 0, 0, 0, 0, 0, 0, 0, 0),
(149, 218, 64, 1.41, 1.41, 1.41, 0, 0, 0, 0, 0, 0, 0, 0),
(150, 218, 65, 1.41, 1.41, 1.41, 1.41, 0, 0, 0, 0, 0, 0, 0),
(151, 218, 67, 1.41, 1.41, 1.41, 1.41, 1.41, 0, 0, 0, 0, 0, 0),
(152, 218, 52, 7.97, 7.97, 7.97, 7.97, 7.97, 7.97, 0, 0, 0, 0, 0),
(153, 218, 58, 7.97, 10.49, 10.49, 10.49, 10.49, 10.49, 10.49, 0, 0, 0, 0),
(154, 218, 63, 10.49, 10.49, 10.49, 10.49, 10.49, 10.49, 10.49, 10.49, 0, 0, 0),
(155, 218, 66, 10.49, 10.49, 10.49, 10.49, 10.49, 10.49, 10.49, 10.49, 10.49, 0, 0),
(156, 219, 57, 1.41, 0, 0, 0, 0, 0, 0, 0, 0, 0, 0),
(157, 219, 59, 1.41, 0, 0, 0, 0, 0, 0, 0, 0, 0, 0),
(158, 219, 62, 1.41, 0, 0, 0, 0, 0, 0, 0, 0, 0, 0),
(159, 219, 64, 1.41, 0, 0, 0, 0, 0, 0, 0, 0, 0, 0),
(160, 219, 65, 1.41, 0, 0, 0, 0, 0, 0, 0, 0, 0, 0),
(161, 219, 67, 1.41, 0, 0, 0, 0, 0, 0, 0, 0, 0, 0),
(162, 219, 52, 10.49, 0, 0, 0, 0, 0, 0, 0, 0, 0, 0),
(163, 219, 58, 10.49, 0, 0, 0, 0, 0, 0, 0, 0, 0, 0),
(164, 219, 63, 10.49, 0, 0, 0, 0, 0, 0, 0, 0, 0, 0),
(165, 219, 66, 10.49, 10.49, 0, 0, 0, 0, 0, 0, 0, 0, 0),
(166, 220, 57, 3.15, 0, 0, 0, 0, 0, 0, 0, 0, 0, 0),
(167, 220, 57, 3.15, 3.15, 3.23, 3.23, 3.23, 3.23, 3.23, 3.23, 3.23, 3.23, 0),
(168, 220, 59, 3.15, 0, 0, 0, 0, 0, 0, 0, 0, 0, 0),
(169, 220, 62, 3.23, 0, 0, 0, 0, 0, 0, 0, 0, 0, 0),
(170, 220, 64, 3.23, 0, 0, 0, 0, 0, 0, 0, 0, 0, 0),
(171, 222, 57, 1.73, 0, 0, 0, 0, 0, 0, 0, 0, 0, 0),
(172, 222, 59, 1.73, 0, 0, 0, 0, 0, 0, 0, 0, 0, 0),
(173, 222, 62, 1.73, 0, 0, 0, 0, 0, 0, 0, 0, 0, 0),
(174, 222, 64, 1.73, 0, 0, 0, 0, 0, 0, 0, 0, 0, 0),
(175, 222, 65, 1.73, 0, 0, 0, 0, 0, 0, 0, 0, 0, 0),
(176, 222, 67, 1.73, 0, 0, 0, 0, 0, 0, 0, 0, 0, 0),
(177, 222, 52, 3.77, 0, 0, 0, 0, 0, 0, 0, 0, 0, 0),
(178, 222, 58, 3.64, 0, 0, 0, 0, 0, 0, 0, 0, 0, 0),
(179, 222, 63, 3.64, 0, 0, 0, 0, 0, 0, 0, 0, 0, 0),
(180, 222, 66, 3.64, 0, 0, 0, 0, 0, 0, 0, 0, 0, 0),
(181, 223, 57, 1.73, 0, 0, 0, 0, 0, 0, 0, 0, 0, 0),
(182, 223, 59, 1.73, 0, 0, 0, 0, 0, 0, 0, 0, 0, 0),
(183, 223, 62, 1.73, 0, 0, 0, 0, 0, 0, 0, 0, 0, 0),
(184, 223, 64, 1.73, 0, 0, 0, 0, 0, 0, 0, 0, 0, 0),
(185, 223, 65, 1.73, 0, 0, 0, 0, 0, 0, 0, 0, 0, 0),
(186, 223, 67, 1.73, 0, 0, 0, 0, 0, 0, 0, 0, 0, 0),
(187, 223, 52, 3.65, 0, 0, 0, 0, 0, 0, 0, 0, 0, 0),
(188, 223, 58, 3.65, 0, 0, 0, 0, 0, 0, 0, 0, 0, 0),
(189, 223, 63, 3.65, 0, 0, 0, 0, 0, 0, 0, 0, 0, 0),
(190, 223, 66, 3.65, 0, 0, 0, 0, 0, 0, 0, 0, 0, 0),
(191, 224, 57, 1.71, 0, 0, 0, 0, 0, 0, 0, 0, 0, 0),
(192, 224, 59, 1.71, 0, 0, 0, 0, 0, 0, 0, 0, 0, 0),
(193, 224, 62, 1.71, 0, 0, 0, 0, 0, 0, 0, 0, 0, 0),
(194, 224, 64, 1.71, 0, 0, 0, 0, 0, 0, 0, 0, 0, 0),
(195, 224, 65, 0, 1.71, 1.71, 0, 0, 0, 0, 0, 0, 0, 0),
(196, 224, 67, 1.71, 0, 0, 0, 0, 0, 0, 0, 0, 0, 0),
(197, 224, 52, 3.64, 0, 0, 0, 0, 0, 0, 0, 0, 0, 0),
(198, 224, 58, 3.64, 0, 0, 0, 0, 0, 0, 0, 0, 0, 0),
(199, 224, 63, 3.64, 0, 0, 0, 0, 0, 0, 0, 0, 0, 0),
(200, 224, 66, 0, 3.62, 0, 0, 0, 0, 0, 0, 0, 0, 0),
(201, 225, 57, 2.04, 2.04, 0, 0, 0, 0, 0, 0, 0, 0, 0),
(202, 225, 59, 2.04, 0, 0, 0, 0, 0, 0, 0, 0, 0, 0),
(203, 225, 62, 2.04, 0, 0, 0, 0, 0, 0, 0, 0, 0, 0),
(204, 225, 64, 2.04, 0, 0, 0, 0, 0, 0, 0, 0, 0, 0),
(205, 225, 65, 2.04, 0, 0, 0, 0, 0, 0, 0, 0, 0, 0),
(206, 225, 67, 2.04, 0, 0, 0, 0, 0, 0, 0, 0, 0, 0),
(207, 225, 52, 3.62, 0, 0, 0, 0, 0, 0, 0, 0, 0, 0),
(208, 225, 58, 3.62, 0, 0, 0, 0, 0, 0, 0, 0, 0, 0),
(209, 225, 63, 3.62, 0, 0, 0, 0, 0, 0, 0, 0, 0, 0),
(210, 225, 66, 3.62, 3.62, 0, 0, 0, 0, 0, 0, 0, 0, 0),
(211, 225, 57, 2.04, 2.04, 0, 0, 0, 0, 0, 0, 0, 0, 0),
(212, 225, 59, 2.04, 0, 0, 0, 0, 0, 0, 0, 0, 0, 0),
(213, 226, 57, 1.47, 0, 0, 0, 0, 0, 0, 0, 0, 0, 0),
(214, 226, 59, 1.47, 0, 0, 0, 0, 0, 0, 0, 0, 0, 0),
(215, 226, 62, 1.47, 0, 0, 0, 0, 0, 0, 0, 0, 0, 0),
(216, 226, 64, 1.47, 0, 0, 0, 0, 0, 0, 0, 0, 0, 0),
(217, 226, 65, 1.47, 0, 0, 0, 0, 0, 0, 0, 0, 0, 0),
(218, 226, 67, 1.47, 0, 0, 0, 0, 0, 0, 0, 0, 0, 0),
(219, 226, 52, 12.49, 12.49, 0, 0, 0, 0, 0, 0, 0, 0, 0),
(220, 226, 58, 12.48, 0, 0, 0, 0, 0, 0, 0, 0, 0, 0),
(221, 226, 63, 12.48, 0, 0, 0, 0, 0, 0, 0, 0, 0, 0),
(222, 226, 66, 12.48, 0, 0, 0, 0, 0, 0, 0, 0, 0, 0),
(223, 227, 57, 4.48, 4.48, 0, 0, 0, 0, 0, 0, 0, 0, 1),
(224, 227, 59, 4.48, 5.15, 0, 0, 0, 0, 0, 0, 0, 0, 1),
(225, 227, 64, 10, 10, 9.92, 0, 0, 0, 0, 0, 0, 0, 1),
(226, 227, 65, 9.48, 8.88, 7.6, 0, 0, 0, 0, 0, 0, 0, 1),
(227, 227, 59, 4.48, 5.15, 0, 0, 0, 0, 0, 0, 0, 0, 1),
(228, 227, 62, 5.18, 0, 0, 0, 0, 0, 0, 0, 0, 0, 1),
(229, 227, 57, 4.48, 4.48, 0, 0, 0, 0, 0, 0, 0, 0, 1),
(231, 227, 52, 7.88, 8.82, 9.5, 0, 0, 0, 0, 0, 0, 0, 1),
(232, 227, 58, 10.42, 10.42, 10.42, 0, 0, 0, 0, 0, 0, 0, 1),
(233, 227, 63, 7.93, 7.93, 0, 0, 0, 0, 0, 0, 0, 0, 1),
(234, 227, 66, 11.42, 11.42, 11.42, 0, 0, 0, 0, 0, 0, 0, 1),
(236, 227, 67, 9000, 0, 0, 0, 0, 0, 0, 0, 0, 0, 1),
(237, 226, 59, 10.5, 0, 0, 0, 0, 0, 0, 0, 0, 0, 1);

-- --------------------------------------------------------

--
-- Struktur dari tabel `form`
--

CREATE TABLE IF NOT EXISTS `form` (
  `id_form` int(11) NOT NULL AUTO_INCREMENT,
  `no_ppb` varchar(25) NOT NULL,
  `receive_qty` int(20) NOT NULL,
  `sampling_qty` int(20) NOT NULL,
  `status` int(1) NOT NULL,
  `id_noir` int(11) NOT NULL,
  `jenis_ir` int(5) NOT NULL,
  `prepare` int(6) NOT NULL,
  `check` int(6) NOT NULL,
  `approve` int(6) NOT NULL,
  `tgl_prepare` datetime NOT NULL,
  `tgl_check` datetime NOT NULL,
  `tgl_approve` datetime NOT NULL,
  PRIMARY KEY (`id_form`),
  KEY `id_noir` (`id_noir`),
  KEY `jenis_ir` (`jenis_ir`)
) ENGINE=InnoDB  DEFAULT CHARSET=latin1 AUTO_INCREMENT=230 ;

--
-- Dumping data untuk tabel `form`
--

INSERT INTO `form` (`id_form`, `no_ppb`, `receive_qty`, `sampling_qty`, `status`, `id_noir`, `jenis_ir`, `prepare`, `check`, `approve`, `tgl_prepare`, `tgl_check`, `tgl_approve`) VALUES
(1, '13416-79014', 873, 8, 2, 1, 1, 0, 0, 0, '0000-00-00 00:00:00', '0000-00-00 00:00:00', '0000-00-00 00:00:00'),
(2, '02/PPB/QA-PB', 25, 10, 2, 2, 2, 0, 0, 0, '0000-00-00 00:00:00', '0000-00-00 00:00:00', '0000-00-00 00:00:00'),
(4, '01/PPB/QA-SA', 22, 2, 2, 1, 3, 0, 0, 0, '0000-00-00 00:00:00', '0000-00-00 00:00:00', '0000-00-00 00:00:00'),
(5, '33/PPB/QA-LAB', 99, 9, 3, 1, 2, 0, 0, 0, '0000-00-00 00:00:00', '0000-00-00 00:00:00', '0000-00-00 00:00:00'),
(6, '10/PPB/QA-LAB', 18, 10, 3, 1, 2, 0, 0, 0, '0000-00-00 00:00:00', '0000-00-00 00:00:00', '0000-00-00 00:00:00'),
(7, '088/PPB/MIS-NAN', 89, 10, 3, 2, 2, 0, 0, 0, '0000-00-00 00:00:00', '0000-00-00 00:00:00', '0000-00-00 00:00:00'),
(10, '11/PPB/QA-CACA', 98, 5, 4, 2, 2, 0, 0, 0, '0000-00-00 00:00:00', '0000-00-00 00:00:00', '0000-00-00 00:00:00'),
(24, '100/PPB/QA-PUCA', 98, 1, 0, 2, 0, 0, 0, 0, '0000-00-00 00:00:00', '0000-00-00 00:00:00', '0000-00-00 00:00:00'),
(34, '01/TES/NANDA-YUNAN', 88, 4, 0, 11, 0, 0, 0, 0, '0000-00-00 00:00:00', '0000-00-00 00:00:00', '0000-00-00 00:00:00'),
(36, '666/PAB/QA-MIS', 77, 5, 0, 13, 0, 0, 0, 0, '0000-00-00 00:00:00', '0000-00-00 00:00:00', '0000-00-00 00:00:00'),
(37, '666/PAB/QA-MIS', 77, 5, 0, 13, 0, 0, 0, 0, '0000-00-00 00:00:00', '0000-00-00 00:00:00', '0000-00-00 00:00:00'),
(40, '01/PPB/QA-SA2', 2, 23, 0, 17, 0, 0, 0, 0, '0000-00-00 00:00:00', '0000-00-00 00:00:00', '0000-00-00 00:00:00'),
(43, '10/SPB-MIS/QANS-999', 99, 9, 0, 18, 0, 0, 0, 0, '0000-00-00 00:00:00', '0000-00-00 00:00:00', '0000-00-00 00:00:00'),
(44, '666/PAB/QA-MIS', 99, 99, 0, 18, 0, 0, 0, 0, '0000-00-00 00:00:00', '0000-00-00 00:00:00', '0000-00-00 00:00:00'),
(78, '01/PPB/QA-SA', 99, 9, 0, 30, 0, 0, 0, 0, '0000-00-00 00:00:00', '0000-00-00 00:00:00', '0000-00-00 00:00:00'),
(79, '51/PPB/QA-BARU', 51, 51, 0, 30, 1, 0, 0, 0, '0000-00-00 00:00:00', '0000-00-00 00:00:00', '0000-00-00 00:00:00'),
(81, '01/PPB/QA-TES2', 55, 5, 1, 30, 2, 0, 0, 0, '0000-00-00 00:00:00', '0000-00-00 00:00:00', '0000-00-00 00:00:00'),
(82, '01/PPB/QA-TES2', 55, 5, 1, 30, 2, 0, 0, 0, '0000-00-00 00:00:00', '0000-00-00 00:00:00', '0000-00-00 00:00:00'),
(83, '01/PPB/QA-TESSS', 55, 5, 1, 30, 2, 0, 0, 0, '0000-00-00 00:00:00', '0000-00-00 00:00:00', '0000-00-00 00:00:00'),
(84, '01/PPB/QA-TESSS', 55, 5, 1, 30, 2, 0, 0, 0, '0000-00-00 00:00:00', '0000-00-00 00:00:00', '0000-00-00 00:00:00'),
(85, '01/PPB/QA-TESSS', 55, 5, 1, 30, 2, 0, 0, 0, '0000-00-00 00:00:00', '0000-00-00 00:00:00', '0000-00-00 00:00:00'),
(86, '666/PAB/QA-MIS', 21, 21, 1, 30, 2, 0, 0, 0, '0000-00-00 00:00:00', '0000-00-00 00:00:00', '0000-00-00 00:00:00'),
(87, '666/PAB/QA-MIS', 2, 2, 3, 30, 2, 0, 0, 0, '0000-00-00 00:00:00', '0000-00-00 00:00:00', '0000-00-00 00:00:00'),
(88, '77/PAB/TESS_DULU', 77, 7, 1, 30, 2, 0, 0, 0, '0000-00-00 00:00:00', '0000-00-00 00:00:00', '0000-00-00 00:00:00'),
(89, '991/MIS/YUHU', 3, 2, 1, 31, 2, 0, 0, 0, '0000-00-00 00:00:00', '0000-00-00 00:00:00', '0000-00-00 00:00:00'),
(90, '66/SSPB/QA-TESTING', 77, 7, 2, 31, 2, 0, 0, 0, '0000-00-00 00:00:00', '0000-00-00 00:00:00', '0000-00-00 00:00:00'),
(91, '123', 10, 10, 1, 28, 2, 0, 0, 0, '0000-00-00 00:00:00', '0000-00-00 00:00:00', '0000-00-00 00:00:00'),
(92, '4567', 43, 24, 1, 32, 2, 0, 0, 0, '0000-00-00 00:00:00', '0000-00-00 00:00:00', '0000-00-00 00:00:00'),
(94, 'BPD070824', 10, 10, 1, 1, 2, 0, 0, 0, '0000-00-00 00:00:00', '0000-00-00 00:00:00', '0000-00-00 00:00:00'),
(96, 'BPD101', 10, 10, 3, 28, 2, 0, 0, 0, '0000-00-00 00:00:00', '0000-00-00 00:00:00', '0000-00-00 00:00:00'),
(97, '33/PPB/QA-SAWAH', 33, 3, 3, 31, 2, 0, 0, 0, '0000-00-00 00:00:00', '0000-00-00 00:00:00', '0000-00-00 00:00:00'),
(98, '01/PPB/QA-SA', 10, 10, 1, 28, 2, 0, 0, 0, '0000-00-00 00:00:00', '0000-00-00 00:00:00', '0000-00-00 00:00:00'),
(99, '01/PPB/QA-SA', 10, 10, 1, 33, 2, 0, 0, 0, '0000-00-00 00:00:00', '0000-00-00 00:00:00', '0000-00-00 00:00:00'),
(100, '01/PPB/QA-SA', 12, 12, 1, 24, 2, 0, 0, 0, '0000-00-00 00:00:00', '0000-00-00 00:00:00', '0000-00-00 00:00:00'),
(101, '10/123', 10, 10, 1, 28, 2, 0, 0, 0, '0000-00-00 00:00:00', '0000-00-00 00:00:00', '0000-00-00 00:00:00'),
(102, 'mnsknsj', 2, 2, 1, 28, 2, 0, 0, 0, '0000-00-00 00:00:00', '0000-00-00 00:00:00', '0000-00-00 00:00:00'),
(103, '12', 10, 10, 1, 28, 2, 0, 0, 0, '0000-00-00 00:00:00', '0000-00-00 00:00:00', '0000-00-00 00:00:00'),
(104, '999', 99, 9, 1, 28, 2, 0, 0, 0, '0000-00-00 00:00:00', '0000-00-00 00:00:00', '0000-00-00 00:00:00'),
(105, '98', 7, 5, 1, 33, 2, 0, 0, 0, '0000-00-00 00:00:00', '0000-00-00 00:00:00', '0000-00-00 00:00:00'),
(106, '100/QA/MIS', 15, 10, 1, 33, 2, 0, 0, 0, '0000-00-00 00:00:00', '0000-00-00 00:00:00', '0000-00-00 00:00:00'),
(112, '10/PPB/QA-LAB-TES', 2, 2, 3, 33, 2, 0, 0, 0, '0000-00-00 00:00:00', '0000-00-00 00:00:00', '0000-00-00 00:00:00'),
(113, '9498', 99, 9, 2, 33, 2, 0, 0, 0, '0000-00-00 00:00:00', '0000-00-00 00:00:00', '0000-00-00 00:00:00'),
(115, '21/PPB/QA-TESSTUY', 56, 65, 2, 33, 2, 0, 0, 0, '0000-00-00 00:00:00', '0000-00-00 00:00:00', '0000-00-00 00:00:00'),
(116, '666/PAB/QA-MIS', 8, 8, 1, 31, 2, 0, 0, 0, '0000-00-00 00:00:00', '0000-00-00 00:00:00', '0000-00-00 00:00:00'),
(117, '7', 7, 7, 1, 33, 2, 0, 0, 0, '0000-00-00 00:00:00', '0000-00-00 00:00:00', '0000-00-00 00:00:00'),
(118, '35353', 3, 3, 3, 37, 2, 0, 0, 0, '0000-00-00 00:00:00', '0000-00-00 00:00:00', '0000-00-00 00:00:00'),
(119, '7637', 8787, 8, 1, 37, 2, 0, 0, 0, '0000-00-00 00:00:00', '0000-00-00 00:00:00', '0000-00-00 00:00:00'),
(120, '878', 88, 8, 1, 39, 2, 0, 0, 0, '0000-00-00 00:00:00', '0000-00-00 00:00:00', '0000-00-00 00:00:00'),
(121, '11/SPB-QA/100', 90, 100, 1, 31, 2, 0, 0, 0, '0000-00-00 00:00:00', '0000-00-00 00:00:00', '0000-00-00 00:00:00'),
(122, '8888', 8, 8, 1, 33, 2, 0, 0, 0, '0000-00-00 00:00:00', '0000-00-00 00:00:00', '0000-00-00 00:00:00'),
(123, 'Review BPD', 10, 10, 3, 33, 2, 0, 0, 0, '0000-00-00 00:00:00', '0000-00-00 00:00:00', '0000-00-00 00:00:00'),
(124, 'u', 10, 10, 2, 31, 2, 0, 0, 0, '0000-00-00 00:00:00', '0000-00-00 00:00:00', '0000-00-00 00:00:00'),
(127, '01/PPB/QA-SA', 9, 1, 3, 30, 2, 0, 0, 0, '0000-00-00 00:00:00', '0000-00-00 00:00:00', '0000-00-00 00:00:00'),
(128, '99', 9, 9, 2, 31, 2, 0, 0, 0, '0000-00-00 00:00:00', '0000-00-00 00:00:00', '0000-00-00 00:00:00'),
(129, '01/PPB/QA-SA', 98, 8, 4, 30, 2, 0, 0, 0, '0000-00-00 00:00:00', '0000-00-00 00:00:00', '0000-00-00 00:00:00'),
(131, '666/PAB/QA-MIS', 83, 8, 3, 31, 2, 0, 0, 0, '0000-00-00 00:00:00', '0000-00-00 00:00:00', '0000-00-00 00:00:00'),
(132, '11/PPB/QA-TESUY', 55, 5, 3, 31, 2, 0, 0, 0, '0000-00-00 00:00:00', '0000-00-00 00:00:00', '0000-00-00 00:00:00'),
(133, '19/DUMMY/TES-QA-LAB', 19, 19, 3, 31, 2, 0, 0, 0, '0000-00-00 00:00:00', '0000-00-00 00:00:00', '0000-00-00 00:00:00'),
(136, '11/DUMMY/LAGI', 7, 7, 3, 41, 2, 0, 0, 0, '0000-00-00 00:00:00', '0000-00-00 00:00:00', '0000-00-00 00:00:00'),
(137, '01/DUMMMMY/QA-SA', 4, 8, 2, 41, 2, 12345, 0, 0, '0000-00-00 00:00:00', '0000-00-00 00:00:00', '0000-00-00 00:00:00'),
(138, '01/TES-DUMMY/QA-SA', 8, 8, 3, 41, 2, 12345, 0, 0, '0000-00-00 00:00:00', '0000-00-00 00:00:00', '0000-00-00 00:00:00'),
(139, '666/PAB/QA-MIS', 5, 5, 2, 41, 2, 12345, 12345, 0, '0000-00-00 00:00:00', '2024-09-03 08:26:18', '0000-00-00 00:00:00'),
(140, '8', 6, 4, 2, 41, 2, 12345, 0, 0, '0000-00-00 00:00:00', '0000-00-00 00:00:00', '0000-00-00 00:00:00'),
(141, '666/DUMMMY-TES/QA-MIS', 9, 5, 3, 41, 2, 12345, 0, 0, '0000-00-00 00:00:00', '0000-00-00 00:00:00', '0000-00-00 00:00:00'),
(143, '666/PAB/DUMY', 2, 3, 2, 43, 2, 12345, 0, 0, '0000-00-00 00:00:00', '0000-00-00 00:00:00', '0000-00-00 00:00:00'),
(144, '666/PAB/QA-DUMMY', 9, 8, 3, 41, 2, 0, 0, 0, '0000-00-00 00:00:00', '0000-00-00 00:00:00', '0000-00-00 00:00:00'),
(145, '01/PPB/QA-TES', 9, 9, 3, 42, 2, 12345, 0, 0, '0000-00-00 00:00:00', '0000-00-00 00:00:00', '0000-00-00 00:00:00'),
(147, '666/PAB/QA-DUMMY', 55, 6, 3, 42, 2, 12345, 0, 0, '0000-00-00 00:00:00', '0000-00-00 00:00:00', '0000-00-00 00:00:00'),
(148, '01/PPB/TES-DUMMY', 8, 8, 3, 42, 2, 0, 0, 0, '0000-00-00 00:00:00', '0000-00-00 00:00:00', '0000-00-00 00:00:00'),
(149, '666/TES/QA-MIS', 9, 9, 3, 42, 2, 0, 0, 0, '0000-00-00 00:00:00', '0000-00-00 00:00:00', '0000-00-00 00:00:00'),
(150, '01/PPB/QA-SA', 9, 9, 3, 45, 2, 0, 0, 0, '0000-00-00 00:00:00', '0000-00-00 00:00:00', '0000-00-00 00:00:00'),
(151, '28/SPB/QA', 10, 10, 3, 45, 2, 12345, 0, 0, '0000-00-00 00:00:00', '0000-00-00 00:00:00', '0000-00-00 00:00:00'),
(152, '0281/PAB/QA-MIS', 10, 10, 3, 45, 2, 12345, 0, 0, '0000-00-00 00:00:00', '0000-00-00 00:00:00', '0000-00-00 00:00:00'),
(153, '11/SPB-QA/100', 15, 10, 3, 45, 2, 12345, 0, 0, '0000-00-00 00:00:00', '0000-00-00 00:00:00', '0000-00-00 00:00:00'),
(154, '09/SPB-MIS/QA-002', 88, 8, 3, 45, 2, 54321, 12345, 15240, '2024-09-02 06:20:16', '2024-09-03 08:31:12', '2024-09-03 08:33:53'),
(155, '666/PAB/QA-MIS', 99, 9, 3, 45, 2, 54321, 0, 15240, '2024-09-02 11:33:47', '0000-00-00 00:00:00', '2024-09-03 08:34:16'),
(156, '666/PAB/QA-LAB', 2, 9, 1, 46, 2, 54321, 0, 0, '2024-09-03 11:54:30', '0000-00-00 00:00:00', '0000-00-00 00:00:00'),
(157, '666/PAB/QA-MIS', 10, 19, 3, 47, 2, 54321, 12345, 15240, '2024-09-03 13:21:32', '2024-09-03 13:25:34', '2024-09-03 13:26:36'),
(158, '01/PPB/QA-SA', 9, 9, 1, 47, 2, 54321, 0, 0, '2024-09-03 15:19:50', '0000-00-00 00:00:00', '0000-00-00 00:00:00'),
(159, '01/PPB/QA-SA', 9, 9, 1, 47, 2, 54321, 0, 0, '2024-09-04 07:52:34', '0000-00-00 00:00:00', '0000-00-00 00:00:00'),
(160, '10/PPB/QA-LAB', 7, 10, 1, 42, 2, 54321, 0, 0, '2024-09-04 07:59:13', '0000-00-00 00:00:00', '0000-00-00 00:00:00'),
(161, '666/PAB/QA-MIS', 9, 9, 3, 47, 2, 54321, 12345, 15240, '2024-09-04 13:43:25', '2024-09-04 13:46:50', '2024-09-04 13:49:02'),
(162, '01/PPB/QA-SA', 9, 9, 1, 47, 2, 54321, 0, 0, '2024-09-18 13:25:29', '0000-00-00 00:00:00', '0000-00-00 00:00:00'),
(163, '8', 8, 8, 1, 46, 2, 54321, 0, 0, '2024-09-18 13:56:17', '0000-00-00 00:00:00', '0000-00-00 00:00:00'),
(164, '666/PAB/QA-MIS', 9, 8, 1, 47, 2, 54321, 0, 0, '2024-09-19 13:50:40', '0000-00-00 00:00:00', '0000-00-00 00:00:00'),
(165, '666/PAB/QA-MIS', 9, 9, 3, 47, 2, 54321, 12345, 15240, '2024-09-20 09:37:21', '2024-09-20 13:38:56', '2024-09-20 13:40:12'),
(166, '99/PPB/QA-LAB', 9, 9, 1, 47, 2, 54321, 0, 0, '2024-09-20 13:49:38', '0000-00-00 00:00:00', '0000-00-00 00:00:00'),
(167, '666/PAB/QA-MIS', 9, 9, 1, 47, 2, 54321, 0, 0, '2024-09-20 16:22:12', '0000-00-00 00:00:00', '0000-00-00 00:00:00'),
(168, '666/PAB/NAND-TES', 6, 6, 1, 47, 2, 54321, 0, 0, '2024-09-23 13:54:39', '0000-00-00 00:00:00', '0000-00-00 00:00:00'),
(169, '666/PAB/QA-MIS', 9, 7, 1, 47, 2, 54321, 0, 0, '2024-09-23 15:00:33', '0000-00-00 00:00:00', '0000-00-00 00:00:00'),
(170, '666/PAB/QA-MIS-LAB', 9, 9, 1, 47, 2, 54321, 0, 0, '2024-09-24 07:50:04', '0000-00-00 00:00:00', '0000-00-00 00:00:00'),
(171, '666/PAB/QA-MIS-LAB', 9, 9, 1, 47, 2, 54321, 0, 0, '2024-09-24 08:04:01', '0000-00-00 00:00:00', '0000-00-00 00:00:00'),
(172, '02/PPB/QA-LABBBB', 9, 9, 1, 47, 2, 54321, 0, 0, '2024-09-25 07:56:42', '0000-00-00 00:00:00', '0000-00-00 00:00:00'),
(173, '666/PAB/QA-DUMMMMYYYYY', 9, 3, 1, 47, 2, 54321, 0, 0, '2024-09-25 09:49:30', '0000-00-00 00:00:00', '0000-00-00 00:00:00'),
(174, '01/PPB/QA-SA', 2, 2, 1, 47, 2, 54321, 0, 0, '2024-09-25 10:07:43', '0000-00-00 00:00:00', '0000-00-00 00:00:00'),
(175, '666/PAB/QA-MIS', 8, 8, 1, 47, 2, 54321, 0, 0, '2024-09-25 10:25:20', '0000-00-00 00:00:00', '0000-00-00 00:00:00'),
(176, '01/PPB/QA-TESSSIS', 2, 2, 1, 47, 2, 54321, 0, 0, '2024-09-25 10:29:42', '0000-00-00 00:00:00', '0000-00-00 00:00:00'),
(181, '01/PPB/SEMOGA-GAEROR', 9, 78, 1, 47, 2, 54321, 0, 0, '2024-09-25 13:28:26', '0000-00-00 00:00:00', '0000-00-00 00:00:00'),
(182, '01/PPB/BISMILLAH-FINAL', 9, 9, 1, 47, 2, 54321, 0, 0, '2024-09-25 13:54:13', '0000-00-00 00:00:00', '0000-00-00 00:00:00'),
(183, '666/PAB/YUBISA', 6, 6, 3, 47, 2, 54321, 12345, 15240, '2024-09-25 14:16:51', '2024-09-25 14:19:54', '2024-09-25 14:26:47'),
(184, '01/PPB/QA-TESSS', 2, 7, 3, 47, 2, 54321, 12345, 15240, '2024-09-26 08:53:34', '2024-10-01 13:38:42', '2024-10-01 13:39:42'),
(185, '01/PPB/QA-SA', 99, 9, 1, 47, 2, 54321, 0, 0, '2024-09-26 11:10:46', '0000-00-00 00:00:00', '0000-00-00 00:00:00'),
(186, '666/PAB/DUMMY', 7, 9, 1, 47, 2, 54321, 0, 0, '2024-09-27 10:10:59', '0000-00-00 00:00:00', '0000-00-00 00:00:00'),
(187, '01/PPB/QA-SA', 89, 8, 1, 47, 2, 54321, 0, 0, '2024-09-27 10:15:29', '0000-00-00 00:00:00', '0000-00-00 00:00:00'),
(188, '666/PAB/QA-NYOBA', 5, 8, 2, 47, 2, 54321, 12345, 0, '2024-09-27 15:08:41', '2024-10-07 11:51:30', '0000-00-00 00:00:00'),
(189, '99/DUMMY/QA-TES', 67, 8, 2, 48, 2, 54321, 12345, 0, '2024-10-04 09:16:57', '2024-10-07 11:13:54', '0000-00-00 00:00:00'),
(190, '01/PPB/QA-SA', 89, 7, 2, 47, 2, 54321, 12345, 0, '2024-10-04 09:34:31', '2024-10-07 09:31:15', '0000-00-00 00:00:00'),
(191, '01/PPB/QA-TRIAL', 9, 9, 1, 47, 2, 54321, 0, 0, '2024-10-04 10:10:40', '0000-00-00 00:00:00', '0000-00-00 00:00:00'),
(192, '666/TRIAL/QA-MIS', 7, 9, 3, 47, 2, 54321, 12345, 15240, '2024-10-04 14:05:58', '2024-10-04 14:13:26', '2024-10-04 14:14:52'),
(193, '666/PAB/QA-MIS', 9, 9, 3, 47, 2, 54321, 12345, 15240, '2024-10-04 14:41:06', '2024-10-04 15:07:40', '2024-10-04 15:08:40'),
(194, '04/SPB/QA-TRIAL', 10, 20, 3, 47, 2, 54321, 12345, 15240, '2024-10-04 15:50:16', '2024-10-04 16:13:28', '2024-10-04 16:17:56'),
(195, '666/PAB/QA-MIS', 10, 7, 1, 47, 2, 54321, 0, 0, '2024-10-07 14:25:25', '0000-00-00 00:00:00', '0000-00-00 00:00:00'),
(196, '666/PAB/QA-MIS', 8, 10, 1, 47, 2, 54321, 0, 0, '2024-10-07 14:40:16', '0000-00-00 00:00:00', '0000-00-00 00:00:00'),
(197, '01/PPB/QA-SA', 7, 10, 1, 47, 2, 54321, 0, 0, '2024-10-07 14:43:18', '0000-00-00 00:00:00', '0000-00-00 00:00:00'),
(198, '01/PPB/QA-SA', 9, 11, 1, 47, 2, 54321, 0, 0, '2024-10-07 14:55:01', '0000-00-00 00:00:00', '0000-00-00 00:00:00'),
(199, '666/PAB/QA-MIS', 9, 6, 1, 47, 2, 54321, 0, 0, '2024-10-07 15:08:22', '0000-00-00 00:00:00', '0000-00-00 00:00:00'),
(200, '11/TES/QA-TESSS', 7, 5, 1, 47, 2, 54321, 0, 0, '2024-10-08 07:57:14', '0000-00-00 00:00:00', '0000-00-00 00:00:00'),
(201, '01/PPB/QA-SA', 8, 6, 1, 47, 2, 54321, 0, 0, '2024-10-08 13:58:14', '0000-00-00 00:00:00', '0000-00-00 00:00:00'),
(202, '666/PAB/QA-BISMILLAH', 8, 8, 1, 47, 2, 54321, 0, 0, '2024-10-08 15:43:22', '0000-00-00 00:00:00', '0000-00-00 00:00:00'),
(203, '08/TES/BISMILLAH', 8, 7, 1, 47, 2, 54321, 0, 0, '2024-10-09 08:35:54', '0000-00-00 00:00:00', '0000-00-00 00:00:00'),
(204, '666/PAB/QA-MIS-BISMILLAH', 9, 9, 1, 47, 2, 54321, 0, 0, '2024-10-09 09:04:24', '0000-00-00 00:00:00', '0000-00-00 00:00:00'),
(205, '11/PPB/QA-SEMOGA', 9, 9, 1, 47, 2, 54321, 0, 0, '2024-10-09 09:29:52', '0000-00-00 00:00:00', '0000-00-00 00:00:00'),
(206, '666/PAB/QA-TESTING', 8, 8, 1, 47, 2, 54321, 0, 0, '2024-10-09 13:40:56', '0000-00-00 00:00:00', '0000-00-00 00:00:00'),
(207, '666/PAB/QA-TESTING', 8, 8, 1, 47, 2, 54321, 0, 0, '2024-10-09 13:46:23', '0000-00-00 00:00:00', '0000-00-00 00:00:00'),
(208, '91/PPB/QA-SA', 10, 5, 1, 47, 2, 54321, 0, 0, '2024-10-09 15:35:35', '0000-00-00 00:00:00', '0000-00-00 00:00:00'),
(209, '33/PPB/QA-TRY', 7, 5, 1, 47, 2, 54321, 0, 0, '2024-10-10 07:46:05', '0000-00-00 00:00:00', '0000-00-00 00:00:00'),
(210, '01/PPB/MIS-TRY', 7, 7, 1, 47, 2, 54321, 0, 0, '2024-10-10 10:34:19', '0000-00-00 00:00:00', '0000-00-00 00:00:00'),
(211, '666/PAB/QA-TRY', 8, 6, 2, 47, 2, 54321, 12345, 0, '2024-10-14 07:56:50', '2024-10-21 15:18:30', '0000-00-00 00:00:00'),
(212, '01/PPB/QA-TRIAL', 7, 7, 2, 47, 2, 54321, 12345, 0, '2024-10-14 12:05:21', '2024-10-21 15:25:06', '0000-00-00 00:00:00'),
(213, '01/PPB/QA-TRIAL', 3, 3, 2, 47, 2, 54321, 12345, 0, '2024-10-14 13:11:18', '2024-10-21 15:22:22', '0000-00-00 00:00:00'),
(214, '51/PPB/QA-TES', 5, 4, 2, 47, 2, 54321, 12345, 0, '2024-10-14 13:34:15', '2024-10-21 14:51:55', '0000-00-00 00:00:00'),
(215, '01/PPB/QA-BISMILLAH', 5, 5, 2, 47, 2, 54321, 12345, 0, '2024-10-14 13:44:47', '2024-10-21 15:01:39', '0000-00-00 00:00:00'),
(216, '666/PAB/QA-TRY-LAGI', 6, 6, 2, 47, 2, 54321, 12345, 0, '2024-10-14 14:04:35', '2024-10-21 14:39:10', '0000-00-00 00:00:00'),
(217, '01/PPB/QA-BISMILLAH-TRY', 7, 7, 2, 47, 2, 54321, 12345, 0, '2024-10-14 14:11:46', '2024-10-21 15:09:55', '0000-00-00 00:00:00'),
(218, '01/PPB/QA-LABOROTORY', 9, 5, 2, 47, 2, 54321, 12345, 0, '2024-10-16 09:22:34', '2024-10-21 14:35:37', '0000-00-00 00:00:00'),
(219, '01/PPB/QA-TRY', 6, 5, 2, 47, 2, 54321, 12345, 0, '2024-10-16 10:05:52', '2024-10-21 14:42:00', '0000-00-00 00:00:00'),
(220, '666/PAB/QA-MIS', 9, 8, 2, 47, 2, 54321, 12345, 0, '2024-10-16 13:45:03', '2024-10-21 14:57:52', '0000-00-00 00:00:00'),
(221, '666/PAB/QA-MIS', 10, 10, 2, 47, 2, 54321, 12345, 0, '2024-10-16 15:35:26', '2024-10-21 14:48:37', '0000-00-00 00:00:00'),
(222, '01/PPB/QA-FFA', 20, 8, 2, 47, 2, 54321, 12345, 0, '2024-10-17 09:11:01', '2024-10-21 14:30:41', '0000-00-00 00:00:00'),
(223, '696/PPB/QA-OCU', 8, 8, 2, 47, 2, 54321, 12345, 0, '2024-10-17 09:22:40', '2024-10-18 10:29:01', '0000-00-00 00:00:00'),
(224, '666/PAB/QA-OAT', 9, 9, 3, 47, 2, 54321, 12345, 15240, '2024-10-17 13:40:29', '2024-10-18 09:39:28', '2024-10-18 10:39:55'),
(225, '77/PAB/TRY', 9, 9, 1, 47, 2, 54321, 0, 0, '2024-10-17 14:25:36', '0000-00-00 00:00:00', '0000-00-00 00:00:00'),
(226, '51/PPB/QA-TRIAL', 9, 9, 2, 47, 2, 54321, 12345, 0, '2024-10-18 08:37:06', '2024-10-18 09:19:18', '0000-00-00 00:00:00'),
(227, '01/PPB/QA-TRIAL', 10, 9, 3, 47, 2, 54321, 12345, 15240, '2024-10-18 13:34:48', '2024-10-18 13:47:28', '2024-10-18 13:59:41'),
(228, '01/PPB/QA-TRY', 10, 9, 2, 47, 2, 54321, 12345, 0, '2024-10-18 13:39:08', '2024-10-21 14:47:18', '0000-00-00 00:00:00'),
(229, '666/PAB/QA-MIS', 9, 9, 1, 47, 2, 54321, 0, 0, '2024-10-22 15:37:22', '0000-00-00 00:00:00', '0000-00-00 00:00:00');

-- --------------------------------------------------------

--
-- Struktur dari tabel `inspeksi`
--

CREATE TABLE IF NOT EXISTS `inspeksi` (
  `id_inspeksi` int(11) NOT NULL AUTO_INCREMENT,
  `item_inspeksi` varchar(21) NOT NULL,
  `no_ir` varchar(25) NOT NULL,
  `standar` varchar(25) NOT NULL,
  `alat` varchar(25) NOT NULL,
  `min` float NOT NULL,
  `max` float NOT NULL,
  `terukur` int(1) NOT NULL,
  `id_tools` int(10) NOT NULL,
  `id_noir` int(11) NOT NULL,
  PRIMARY KEY (`id_inspeksi`),
  KEY `id_noir` (`id_noir`),
  KEY `no_ir` (`no_ir`),
  KEY `id_tools` (`id_tools`)
) ENGINE=InnoDB  DEFAULT CHARSET=latin1 AUTO_INCREMENT=68 ;

--
-- Dumping data untuk tabel `inspeksi`
--

INSERT INTO `inspeksi` (`id_inspeksi`, `item_inspeksi`, `no_ir`, `standar`, `alat`, `min`, `max`, `terukur`, `id_tools`, `id_noir`) VALUES
(1, 'Inside Up Diameter', '0', '10 (-0.5 , 0.5)', 'visual', 9.5, 10.5, 1, 0, 0),
(21, 'cek', '7778', '9', 'visual', 7, 12, 1, 0, 0),
(22, 'Outside', '7778', '2', 'digital-caleaper', 0, 0, 0, 0, 0),
(23, 'TES', '8738', '5', 'Contracer', 0, 0, 0, 0, 0),
(24, 'Outside up diameter', '0', '9', 'digital-caleaper', 7, 10, 1, 0, 0),
(25, 'tes', '0', '90', 'visual', 0, 0, 0, 0, 0),
(26, 'Dummy', '0', '9', 'visual', 0, 0, 0, 0, 0),
(27, 'TES', '567865', '3', 'Contracer', 1, 5, 1, 0, 0),
(28, 'teees', '0', '5', 'visual', 0, 0, 0, 0, 0),
(29, 'tes', 'ADJ-1255', '9', 'Contracer', 0, 0, 0, 0, 0),
(30, 'Dummy', '8738', '10', 'Contracer', 9, 11, 1, 0, 0),
(31, 'TE', '8738', '10', 'digital-caleaper', 10, 10, 1, 0, 0),
(32, 'Outside', '8738', '11 (-10 +12)', 'Contracer', 10, 12, 1, 0, 0),
(34, 'Dummy', '8738', '9 (-8 +10)', 'Contracer', 8, 10, 1, 0, 0),
(35, 'TES', '8738', '12 (-0.5 , 0.5)', 'Contracer', 11.5, 12.5, 1, 0, 0),
(36, 'Outside up diameter', '222333', '10 (-0.5 , 1.5)', 'digital-caleaper', 9.5, 11.5, 1, 0, 0),
(38, 'Inside Up Diameter', '222333', '11 (-0.5 +1.5)', 'Contracer', 10.5, 12.5, 1, 0, 0),
(39, 'Total Length', '222333', '20 (-0.2 , 0.5)', 'Caliper', 19.8, 20.5, 1, 0, 0),
(40, 'Appreance', '222333', 'Tidak Burry', 'Visual', 0, 0, 0, 0, 0),
(41, 'Inside 2 Up Diameter', '222333', '10 (-0.2 , 0.1)', 'Micrometer', 9.8, 10.1, 1, 0, 0),
(42, 'Outside', '99876', '10 (-0.5 , 0.5)', 'Contracer', 9.5, 10.5, 1, 0, 0),
(43, 'Inside Up Diameter', '99876', '9 (-1.5 +1.5)', 'digital-caleaper', 8.5, 10.5, 1, 0, 0),
(44, 'Inside Up Diameter', '84940', '10 (-0.5 , 0.5)', 'digital-caleaper', 9.5, 10.5, 1, 0, 0),
(45, 'Appreance', '84940', 'Visual OK', 'Visual', 0, 0, 0, 0, 0),
(46, 'Outside up diameter', '84940', '10 (-0.5 , 0.5)', 'Contracer', 9.5, 10.5, 1, 0, 0),
(47, 'Dummy', '84940', '12 (-0.5 , 0.5)', 'digital-caleaper', 11.5, 12.5, 1, 0, 0),
(48, 'TES', '84940', '11 (-0.5 +1.5)', 'Contracer', 10.5, 11.5, 1, 0, 0),
(49, 'Outside', '84940', '9 (-1 +1)', 'digital-caleaper', 8, 10, 1, 0, 0),
(50, 'TES', '84940', 'Visual OK', 'Visual', 0, 0, 0, 0, 0),
(51, 'Dummy', '84940', 'Visual OK', 'visual', 0, 0, 0, 0, 0),
(52, 'Inside Up Diameter', '84940', '8 (-1, +1)', 'Contracer', 7, 9, 1, 10012, 0),
(57, 'Inside Up Diameter', '84940', '10 (-0.5 , 0.5)', '', 9.5, 10.5, 1, 10002, 0),
(58, 'depth of', '84940', '10 (-0.5 , 0.5)', '', 9.5, 10.5, 1, 10012, 0),
(59, 'Radius Of', '84940', '10 (-0.5 , 0.5)', '', 9.5, 10.5, 1, 10002, 0),
(60, 'Inside Up Diameter', 'MIS-2938', '10 (-0.5 , 0.5)', '', 9.5, 10.5, 1, 10012, 0),
(61, 'Outside up diameter', 'MIS-2938', '12 (-0.5 , 0.5)', '', 11.5, 12.5, 1, 10002, 0),
(62, 'Outside up diameter', '84940', '9 (-1.5 +1.5)', '', 7.5, 10.5, 1, 10002, 0),
(63, 'Total Length', '84940', '8 (-1, +1)', '', 7, 9, 1, 10012, 0),
(64, 'Diameter of..', '84940', '10 (-0.5 , 0.5)', '', 9.5, 10.5, 1, 10002, 0),
(65, 'Inside Up Diameter', '84940', '9 (-1 +1)', '', 8, 10, 1, 10002, 0),
(66, 'Outside up diameter', '84940', '11 (-0.5 +1.5)', '', 10.5, 12.5, 1, 10012, 0),
(67, 'depth of', '84940', '12 (-0.5 , 0.5)', '', 11.5, 12.5, 1, 10002, 0);

-- --------------------------------------------------------

--
-- Struktur dari tabel `ir`
--

CREATE TABLE IF NOT EXISTS `ir` (
  `id_ir` int(11) NOT NULL AUTO_INCREMENT,
  `ir` varchar(20) NOT NULL,
  PRIMARY KEY (`id_ir`)
) ENGINE=InnoDB  DEFAULT CHARSET=latin1 AUTO_INCREMENT=3 ;

--
-- Dumping data untuk tabel `ir`
--

INSERT INTO `ir` (`id_ir`, `ir`) VALUES
(1, '2W'),
(2, '4W');

-- --------------------------------------------------------

--
-- Struktur dari tabel `monitoring`
--

CREATE TABLE IF NOT EXISTS `monitoring` (
  `id_ppb` int(11) NOT NULL AUTO_INCREMENT,
  `no_ppb` varchar(50) NOT NULL,
  `part_pengerjaan` varchar(50) NOT NULL,
  `jenis_pengecekan` varchar(50) NOT NULL,
  `request` varchar(50) NOT NULL,
  `klasifikasi_ppb` int(1) NOT NULL,
  `receive` datetime NOT NULL,
  `est_selesai` datetime NOT NULL,
  `status` int(1) NOT NULL,
  `file` varchar(255) NOT NULL,
  PRIMARY KEY (`id_ppb`)
) ENGINE=InnoDB  DEFAULT CHARSET=latin1 AUTO_INCREMENT=6 ;

--
-- Dumping data untuk tabel `monitoring`
--

INSERT INTO `monitoring` (`id_ppb`, `no_ppb`, `part_pengerjaan`, `jenis_pengecekan`, `request`, `klasifikasi_ppb`, `receive`, `est_selesai`, `status`, `file`) VALUES
(1, '01/PPB/QA-MIS', 'Piston Rod', 'Prod', 'MIS', 1, '2024-09-10 00:00:00', '2024-09-13 00:00:00', 2, ''),
(2, '02/PPB/MIS-QA', 'Bumper', 'lala', 'Warehouse', 3, '2024-09-10 11:16:00', '2024-09-15 08:14:36', 3, '66e3f8dea1762.pdf'),
(3, '11/QA-DUMMY/MIS', 'Piston Bro', 'Boombers', 'QA', 2, '2024-09-12 03:00:00', '2024-09-15 02:06:00', 3, '66e39e6ba317b.pdf'),
(4, '03/DUMMY/MIS', 'Piston Bro', 'Boombers', 'QA-LAB', 2, '2024-09-14 06:17:00', '2024-09-16 09:15:00', 2, ''),
(5, '04/PPB-LAB/QA', 'Piston But', 'Robbers', 'QA', 2, '2024-09-17 10:01:00', '2024-09-20 10:01:00', 1, '');

-- --------------------------------------------------------

--
-- Struktur dari tabel `note`
--

CREATE TABLE IF NOT EXISTS `note` (
  `id_note` int(11) NOT NULL AUTO_INCREMENT,
  `note` varchar(255) NOT NULL,
  `npk` int(6) NOT NULL,
  `id_form` int(11) NOT NULL,
  PRIMARY KEY (`id_note`),
  KEY `id_form` (`id_form`)
) ENGINE=InnoDB  DEFAULT CHARSET=latin1 AUTO_INCREMENT=91 ;

--
-- Dumping data untuk tabel `note`
--

INSERT INTO `note` (`id_note`, `note`, `npk`, `id_form`) VALUES
(33, 'tes', 2, 148),
(34, 'tus', 3, 148),
(35, 'TES', 2, 149),
(36, 'PERBAIKI DATA', 3, 149),
(37, 'satu NG', 2, 150),
(38, 'YES', 3, 150),
(39, 'Lakukan Pengechekan ulang', 2, 153),
(40, 'Test 23', 3, 153),
(41, 'NANDA', 12345, 152),
(42, 'YUNAN', 12345, 147),
(43, 'TES', 12345, 143),
(44, 'ada NG 1', 15240, 152),
(45, 'NANDA', 15240, 147),
(46, 'tess dlu', 12345, 151),
(47, 'OKE', 15240, 151),
(48, 'TES', 12345, 137),
(49, 'TESSSSSSSSS', 12345, 140),
(50, 'TES', 12345, 115),
(51, 'ARRAAARAAA', 12345, 155),
(52, 'TES', 12345, 139),
(53, '1 NG kawan', 12345, 154),
(54, 'OK bRAds', 15240, 154),
(55, 'OKKKEHH', 15240, 155),
(56, 'MANTAP', 12345, 157),
(57, 'OKE', 15240, 157),
(58, 'TOS', 12345, 161),
(59, 'TES', 15240, 161),
(60, 'NG semua gez', 12345, 165),
(61, 'MASA SI BRO', 15240, 165),
(62, 'Alhamdulillah', 12345, 183),
(63, 'YESS', 15240, 183),
(64, 'TES', 12345, 184),
(65, 'OK', 15240, 184),
(66, 'TES', 12345, 192),
(67, 'approve', 15240, 192),
(68, 'OK', 12345, 193),
(69, 'GAS', 15240, 193),
(70, 'TES', 12345, 194),
(71, 'Approve', 15240, 194),
(72, 'HALOW', 12345, 190),
(73, 't', 12345, 189),
(74, 'lalla', 12345, 188),
(75, 'ALALLA', 12345, 226),
(76, 'KAKAM', 12345, 224),
(77, 'lalallas', 12345, 223),
(78, 'KOKOM', 15240, 224),
(79, 'TES', 12345, 227),
(80, 'OKE', 15240, 227),
(81, 'sjhsjh', 12345, 222),
(82, 'jaa787', 12345, 218),
(83, 'jnshshh', 12345, 216),
(84, 'hshg', 12345, 219),
(85, 'okee', 12345, 228),
(86, 'ooff', 12345, 221),
(87, 'sjhsh', 12345, 214),
(88, 'ku petik bintang 111', 12345, 215),
(89, 'zafar tidur', 12345, 213),
(90, 'karena pria punya selera', 12345, 212);

-- --------------------------------------------------------

--
-- Struktur dari tabel `notification_push`
--

CREATE TABLE IF NOT EXISTS `notification_push` (
  `id` int(11) NOT NULL AUTO_INCREMENT,
  `phone_number` varchar(20) NOT NULL,
  `message` varchar(255) NOT NULL,
  `flag` varchar(255) NOT NULL,
  PRIMARY KEY (`id`)
) ENGINE=InnoDB  DEFAULT CHARSET=utf8 AUTO_INCREMENT=25 ;

--
-- Dumping data untuk tabel `notification_push`
--

INSERT INTO `notification_push` (`id`, `phone_number`, `message`, `flag`) VALUES
(8, '081385428331', 'PEMBERITAHUAN UNTUK APPROVE!\n\nKami menginformasikan kepada anda bahwa ada part number yg telah melakukan pengukuran dan butuh approval dari anda sebagai seorang manager.\n\nMohon untuk segera memproses dan memberikan persetujuan sesuai prosedur yang berlaku', 'queue'),
(9, '081366778999', 'PEMBERITAHUAN UNTUK APPROVE!\n\nKami menginformasikan kepada anda bahwa ada part number yg telah melakukan pengukuran dan butuh approval dari anda sebagai supervisor.\n\nMohon untuk segera memproses dan memberikan persetujuan sesuai prosedur yang berlaku.\nTer', 'queue'),
(10, '081385428331', 'PEMBERITAHUAN UNTUK APPROVE!\n\nKami menginformasikan kepada anda bahwa ada part number yg telah melakukan pengukuran dan butuh approval dari anda sebagai supervisor.\n\nMohon untuk segera memproses dan memberikan persetujuan sesuai prosedur yang berlaku.\nTer', '0'),
(11, '082122345569', 'PEMBERITAHUAN!\n\nPart number yg anda ukur telah selesai dalam tahap approval dari supervisor dan manager\n\nTerima kasih telah mengukur part number dengan benar dan terima kasih atas kerja samanya.', '0'),
(12, '081366778999', 'PEMBERITAHUAN UNTUK APPROVE!\n\nKami menginformasikan kepada anda bahwa ada part number yg telah melakukan pengukuran dan butuh approval dari anda sebagai supervisor.\n\nMohon untuk segera memproses dan memberikan persetujuan sesuai prosedur yang berlaku.\nTer', 'queue'),
(13, '081385428331', 'PEMBERITAHUAN UNTUK APPROVE!\n\nKami menginformasikan kepada anda bahwa ada part number yg telah melakukan pengukuran dan butuh approval dari anda sebagai supervisor.\n\nMohon untuk segera memproses dan memberikan persetujuan sesuai prosedur yang berlaku.\nTer', '0'),
(14, '082122345569', 'PEMBERITAHUAN!\n\nPart number yg anda ukur telah selesai dalam tahap approval dari supervisor dan manager\n\nTerima kasih telah mengukur part number dengan benar dan terima kasih atas kerja samanya.', '0'),
(15, '081385428331', 'PEMBERITAHUAN APPROVE!\n\nBahwa part number  telah selesai melakukan pengukuran, kami membutuhkan approval dari Manager', '0'),
(16, '081385428331', 'PEMBERITAHUAN APPROVE!\n\nBahwa part number  telah selesai melakukan pengukuran, kami membutuhkan approval dari Manager', '0'),
(17, '081385428331', 'PEMBERITAHUAN APPROVE!\n\nBahwa part number  telah selesai melakukan pengukuran, kami membutuhkan approval dari Manager', '0'),
(18, '081385428331', 'PEMBERITAHUAN APPROVE!\n\nBahwa part number  telah selesai melakukan pengukuran, kami membutuhkan approval dari Manager', '0'),
(19, '081385428331', 'PEMBERITAHUAN APPROVE!\n\nBahwa part number  telah selesai melakukan pengukuran, kami membutuhkan approval dari Manager', '0'),
(20, '081385428331', 'PEMBERITAHUAN APPROVE!\n\nBahwa part number 8738 telah selesai melakukan pengukuran, kami membutuhkan approval dari Manager', '0'),
(21, '081385428331', 'PEMBERITAHUAN APPROVE!\n\nBahwa part number  telah selesai melakukan pengukuran, kami membutuhkan approval dari Manager', '0'),
(22, '081385428331', 'PEMBERITAHUAN APPROVE!\n\nBahwa part number  telah selesai melakukan pengukuran, kami membutuhkan approval dari Manager', '0'),
(23, '081385428331', 'PEMBERITAHUAN APPROVE!\n\nBahwa part number 47 telah selesai melakukan pengukuran, kami membutuhkan approval dari Manager', 'queue'),
(24, '081385428331', 'PEMBERITAHUAN APPROVE!\n\nBahwa part number 84940 telah selesai melakukan pengukuran, kami membutuhkan approval dari Manager', 'queue');

-- --------------------------------------------------------

--
-- Struktur dari tabel `no_ir`
--

CREATE TABLE IF NOT EXISTS `no_ir` (
  `id_noir` int(11) NOT NULL AUTO_INCREMENT,
  `no_ir` varchar(25) NOT NULL,
  `no_reg` varchar(255) NOT NULL,
  `revisi` int(11) NOT NULL,
  `image` varchar(255) NOT NULL,
  `id_subsubIR` int(11) NOT NULL,
  PRIMARY KEY (`id_noir`),
  KEY `id_subir` (`id_subsubIR`),
  KEY `id_subsubIR` (`id_subsubIR`)
) ENGINE=InnoDB  DEFAULT CHARSET=latin1 AUTO_INCREMENT=49 ;

--
-- Dumping data untuk tabel `no_ir`
--

INSERT INTO `no_ir` (`id_noir`, `no_ir`, `no_reg`, `revisi`, `image`, `id_subsubIR`) VALUES
(1, '13416-79014', '0', 0, '', 1),
(2, '13876-22847,48,49,50', '0', 0, '', 1),
(3, 'OC161-02603', '0', 0, '', 3),
(4, 'OC161-02604', '0', 0, '', 3),
(7, '9999-6666', '0', 0, '', 7),
(8, '2222-1111', '0', 0, '', 7),
(9, '1112222', '0', 0, '', 4),
(10, '1772837', '0', 0, '', 1),
(11, '7777-2233', '0', 0, '', 10),
(13, '69600-8877', '0', 0, 'uploads/organigram.jpg', 10),
(16, '3232', '0', 0, 'gambar.jpg', 4),
(17, 'OC2200-1212', '0', 0, 'gambarbagusgray.jpg', 3),
(18, '9999', '0', 0, 'gambar.jpg', 10),
(21, '3321234', '0', 0, '66a35275567cb_tes.png', 9),
(22, '83787', '0', 0, '66a894d32e52c_gambar.jpg', 1),
(23, '467', '0', 0, '66a897b47fdb1_gambar.jpg', 1),
(24, '99', '0', 0, 'uploads/gambar.jpg', 1),
(28, '76767', '0', 0, '66ab49b29f6ec_tes.png', 19),
(30, '1234567', '0', 0, '66b2c622d4644_gambar.jpg', 10),
(31, '3333333', '0', 0, '66b2f2187c0e1_gambar.jpg', 10),
(32, '2266272', '0', 0, '66b32bbf38b40_gambar.jpg', 19),
(33, '0982', '0', 0, '66b32dbd21a10_gambar.jpg', 19),
(34, '123456', '0', 0, '66b4259866ff3_gambar.jpg', 1),
(35, '13232123', '0', 0, '66b429934628e_gambar.jpg', 1),
(36, 'ADJ-1234', '11/ADJUSTER/2024', 1, '66b5ba6ded131_gambar.jpg', 19),
(37, 'ADJ-12345', '9898', 1, '66b5d7f78ec29_gambar.jpg', 19),
(38, 'ADJ-1222', '11/ADJUSTER/2024', 1, '66bc583a07061_66a9abe570715_gambar.jpg', 19),
(39, 'ADJ-1212', '11/ADJUSTER/2024', 1, '66bc58bbcdb00_66a9abe570715_gambar.jpg', 19),
(41, '7778', '01/DUMMY/QA-LAB', 1, '66c2e41d49e25_66a9abe570715_gambar.jpg', 22),
(42, '8738', '8', 1, 'tes.png', 22),
(43, 'ADJ-1255', 'MIS/01/DUMMY', 1, '66c7df3837982_66a9abe570715_gambar.jpg', 24),
(44, '567865', '01/DUMMY/QA-LAB', 1, '66c7e896baba8_66a9abe570715_gambar.jpg', 24),
(45, '222333', '01/DUMMY/QA-TES', 1, '66cec4a791e90_66a9abe570715_gambar.jpg', 22),
(46, '99876', '01/DUMMY/QA-LAB', 1, '66d694765410b_66a9abe570715_gambar.jpg', 25),
(47, '84940', '01/DUMMY/QA-TES', 1, '66d6aa0bcfeb9_66a9abe570715_gambar.jpg', 25),
(48, 'MIS-2938', '10/DUMMY/QA-LAB-TES', 1, '66ff4fdf68c54_66a9abe570715_gambar.jpg', 25);

-- --------------------------------------------------------

--
-- Struktur dari tabel `otp`
--

CREATE TABLE IF NOT EXISTS `otp` (
  `npk` varchar(11) NOT NULL,
  `otp` varchar(6) NOT NULL,
  `no_hp` varchar(20) NOT NULL,
  `send` varchar(50) NOT NULL,
  `use` varchar(50) NOT NULL,
  `send_date` datetime DEFAULT NULL,
  `use_date` datetime DEFAULT NULL,
  KEY `npk` (`npk`)
) ENGINE=InnoDB DEFAULT CHARSET=latin1;

--
-- Dumping data untuk tabel `otp`
--

INSERT INTO `otp` (`npk`, `otp`, `no_hp`, `send`, `use`, `send_date`, `use_date`) VALUES
('12345', '473867', '081366778999', '2', '2', NULL, NULL),
('54321', '196850', '082122345569', '2', '2', NULL, NULL),
('15240', '609065', '081385428331', '2', '2', NULL, NULL);

-- --------------------------------------------------------

--
-- Struktur dari tabel `sub_ir`
--

CREATE TABLE IF NOT EXISTS `sub_ir` (
  `id_subir` int(11) NOT NULL AUTO_INCREMENT,
  `sub_ir` varchar(20) NOT NULL,
  `id_ir` int(11) NOT NULL,
  PRIMARY KEY (`id_subir`),
  KEY `id_ir` (`id_ir`)
) ENGINE=InnoDB  DEFAULT CHARSET=latin1 AUTO_INCREMENT=27 ;

--
-- Dumping data untuk tabel `sub_ir`
--

INSERT INTO `sub_ir` (`id_subir`, `sub_ir`, `id_ir`) VALUES
(1, 'F-FORK', 1),
(2, 'OCU', 1),
(3, 'IR 4W', 2),
(4, 'RAW MATERIAL', 1),
(26, 'Shock Absorber', 2);

-- --------------------------------------------------------

--
-- Struktur dari tabel `sub_subir`
--

CREATE TABLE IF NOT EXISTS `sub_subir` (
  `id_subsubIR` int(11) NOT NULL AUTO_INCREMENT,
  `sub_subIR` varchar(20) NOT NULL,
  `id_subir` int(11) NOT NULL,
  PRIMARY KEY (`id_subsubIR`),
  KEY `id_subir` (`id_subir`)
) ENGINE=InnoDB  DEFAULT CHARSET=latin1 AUTO_INCREMENT=465 ;

--
-- Dumping data untuk tabel `sub_subir`
--

INSERT INTO `sub_subir` (`id_subsubIR`, `sub_subIR`, `id_subir`) VALUES
(1, 'adjuster', 1),
(2, 'Arm Relay', 1),
(3, 'Adjustable Stopper', 2),
(4, 'Base Valve Case', 2),
(7, 'Bearing Comp', 2),
(9, 'FF Aluminium Rod', 4),
(10, 'FF Cylinder', 4),
(19, 'Autocad', 1),
(22, 'FF Dummy', 4),
(24, 'FF TES', 4),
(25, 'FF', 4),
(26, 'Adjuster', 1),
(27, 'Arm Relay', 1),
(28, 'Autocad', 1),
(29, 'Axle Bracket', 1),
(30, 'Ball Race', 1),
(31, 'Bolt (42) New', 1),
(32, 'Bolt (43) New', 1),
(33, 'Bolt (98) New', 1),
(34, 'Bolt Old', 1),
(35, 'Boot', 1),
(36, 'Boot Band (37)', 1),
(37, 'Bracket(51)', 1),
(38, 'Bushing', 1),
(39, 'Cap (40)', 1),
(40, 'Case', 1),
(41, 'Center Rod', 1),
(42, 'Clamp', 1),
(43, 'Clip (41)', 1),
(44, 'Cover Box(60)', 1),
(45, 'Cover Cap', 1),
(46, 'Cover Guide', 1),
(47, 'Cushion Rubber', 1),
(48, 'Cylinder', 1),
(49, 'Cylinder Head', 1),
(50, 'Dust Seal (18)', 1),
(51, 'Fork Cover (30)', 1),
(52, 'Guide', 1),
(53, 'Handle Holder (39)', 1),
(54, 'Holder', 1),
(55, 'Hose Bracket', 1),
(56, 'Inner Box', 1),
(57, 'Innertube Cutting', 1),
(58, 'Innertube Grinding', 1),
(59, 'Innertube Machining', 1),
(60, 'Layer LiB', 1),
(61, 'Layer Support', 1),
(62, 'Leaf Spring (27)', 1),
(63, 'Leaf Valve', 1),
(64, 'Master Box', 1),
(65, 'Non Return Valve', 1),
(66, 'Nonreturn Spring (27', 1),
(67, 'Nut (45)', 1),
(68, 'Oil Lock Piece (05)', 1),
(69, 'Oil Seal (15)', 1),
(70, 'O-Ring(17)', 1),
(71, 'Ornat Cover(34)', 1),
(72, 'Outer Tube (01)', 1),
(73, 'Packing (32)', 1),
(74, 'Pallet(965)', 1),
(75, 'Partition', 1),
(76, 'Piston (08)', 1),
(77, 'Piston Bushing', 1),
(78, 'Pistong Ring (48)', 1),
(79, 'Piston Rod Cutting', 1),
(80, 'Piston Rod Rolling', 1),
(81, 'Piston Rod Machining', 1),
(82, 'Piston Rod', 1),
(83, 'Prate', 1),
(84, 'Protector (57)', 1),
(85, 'Screw', 1),
(86, 'Slide Bushing', 1),
(87, 'Slide Collar (68)', 1),
(88, 'Slide Metal (16)', 1),
(89, 'Snap Ring (11)', 1),
(90, 'Spacer (29)', 1),
(91, 'Spring (27)', 1),
(92, 'Sping Guide (28)', 1),
(93, 'Spring Seat', 1),
(94, 'St. Shaft Flange (23', 1),
(95, 'St. Shaft Harden', 1),
(96, 'St. Shaft Plug (22)', 1),
(97, 'St. Shaft Cutting', 1),
(98, 'Stell rod', 1),
(99, 'Steering Shaft 2FS', 1),
(100, 'Steering Shaft (21)', 1),
(101, 'Steering Shaft Compl', 1),
(102, 'Stell Tube', 1),
(103, 'Sticker (99)', 1),
(104, 'Stopper', 1),
(105, 'Sub Spring (27)', 1),
(106, 'Support FS', 1),
(107, 'Taper Roller Bearing', 1),
(108, 'Throtle (05)', 1),
(109, 'Under Bracket Forgin', 1),
(110, 'Under Bracket Machin', 1),
(111, 'Upper Bracket', 1),
(112, 'Valve (10)', 1),
(113, 'Valve Body', 1),
(114, 'Valve Complete', 1),
(115, 'Valve Spring (99)', 1),
(116, 'Valve Stopper (12)', 1),
(117, 'Washer (47)', 1),
(118, 'Adjustable Stopper', 2),
(119, 'Adjuster Sticker', 2),
(120, 'Aluminium Rod', 2),
(121, 'Base Valve', 2),
(122, 'Base Valve Case', 2),
(123, 'Base Valve Pin', 2),
(124, 'Bearing Comp', 2),
(125, 'Bearing-Rod Guide', 2),
(126, 'Bladder', 2),
(127, 'Bolt (53)', 2),
(128, 'Boot', 2),
(129, 'Bump Stopper', 2),
(130, 'Bushing', 2),
(131, 'Cap', 2),
(132, 'Collar-Rubber Bushin', 2),
(133, 'Contra Nut', 2),
(134, 'Cushion Rubber', 2),
(135, 'Cylinder', 2),
(136, 'Cylinder Bracket', 2),
(137, 'Cylinder Complete', 2),
(138, 'Cylinder Cutting', 2),
(139, 'Damper Assy', 2),
(140, 'Damper Sticker', 2),
(141, 'Dust Seal', 2),
(142, 'Eye', 2),
(143, 'Free Piston', 2),
(144, 'Guide', 2),
(145, 'Guide Cylinder', 2),
(146, 'Inner Box', 2),
(147, 'Inner Cover', 2),
(148, 'In-Out Guide', 2),
(149, 'Layer', 2),
(150, 'Leaf Spring', 2),
(151, 'Leaf Valve', 2),
(152, 'Master Box', 2),
(153, 'Non Return Spring', 2),
(154, 'Non Return Valve', 2),
(155, 'Nut', 2),
(156, 'O-Ring', 2),
(157, 'Oil Seal', 2),
(158, 'Outer Cover', 2),
(159, 'Outer Guide Plug', 2),
(160, 'Outer Shell', 2),
(161, 'Outer Shell Comp', 2),
(162, 'Outer Shell Cutting', 2),
(163, 'Pallet', 2),
(164, 'Partition', 2),
(165, 'PE Foam Bag', 2),
(166, 'Piston', 2),
(167, 'Piston Ring', 2),
(168, 'Piston Rod Cutting ', 2),
(169, 'Piston Rod Machining', 2),
(170, 'Piston Rod Outhouse', 2),
(171, 'Piston Rod Rolling', 2),
(172, 'Piston Rod Harden', 2),
(173, 'Protecter', 2),
(174, 'Push Rod', 2),
(175, 'Rebound Cushion', 2),
(176, 'Rod Guide', 2),
(177, 'Ruber Bushing', 2),
(178, 'Snap Ring', 2),
(179, 'Spacer', 2),
(180, 'Spring', 2),
(181, 'Spring 1 Belum OK', 2),
(182, 'Spring 2 Belum OK', 2),
(183, 'Spring Guide (25)', 2),
(184, 'Spring Guide (39)', 2),
(185, 'Spring Seat', 2),
(186, 'Sticker', 2),
(187, 'Stopper-R', 2),
(188, 'Sub Spring', 2),
(189, 'Support', 2),
(190, 'TANK', 2),
(191, 'Throttle', 2),
(192, 'Under Bracket', 2),
(193, 'Upper Bracket', 2),
(194, 'Valve Stopper', 2),
(195, 'Vinly box', 2),
(196, 'Washer', 2),
(197, 'Wrench', 2),
(198, 'Yoke', 2),
(199, 'Adjustable Stopper', 2),
(200, 'Adjuster Sticker', 2),
(201, 'Aluminium Rod', 2),
(202, 'Base Valve', 2),
(203, 'Base Valve Case', 2),
(204, 'Base Valve Pin', 2),
(205, 'Bearing Comp', 2),
(206, 'Bearing-Rod Guide', 2),
(207, 'Bladder', 2),
(208, 'Bolt (53)', 2),
(209, 'Boot', 2),
(210, 'Bump Stopper', 2),
(211, 'Bushing', 2),
(212, 'Cap', 2),
(213, 'Collar-Rubber Bushin', 2),
(214, 'Contra Nut', 2),
(215, 'Cushion Rubber', 2),
(216, 'Cylinder', 2),
(217, 'Cylinder Bracket', 2),
(218, 'Cylinder Complete', 2),
(219, 'Cylinder Cutting', 2),
(220, 'Damper Assy', 2),
(221, 'Damper Sticker', 2),
(222, 'Dust Seal', 2),
(223, 'Eye', 2),
(224, 'Free Piston', 2),
(225, 'Guide', 2),
(226, 'Guide Cylinder', 2),
(227, 'Inner Box', 2),
(228, 'Inner Cover', 2),
(229, 'In-Out Guide', 2),
(230, 'Layer', 2),
(231, 'Leaf Spring', 2),
(232, 'Leaf Valve', 2),
(233, 'Master Box', 2),
(234, 'Non Return Spring', 2),
(235, 'Non Return Valve', 2),
(236, 'Nut', 2),
(237, 'O-Ring', 2),
(238, 'Oil Seal', 2),
(239, 'Outer Cover', 2),
(240, 'Outer Guide Plug', 2),
(241, 'Outer Shell', 2),
(242, 'Outer Shell Comp', 2),
(243, 'Outer Shell Cutting', 2),
(244, 'Pallet', 2),
(245, 'Partition', 2),
(246, 'PE Foam Bag', 2),
(247, 'Piston', 2),
(248, 'Piston Ring', 2),
(249, 'Piston Rod Cutting ', 2),
(250, 'Piston Rod Machining', 2),
(251, 'Piston Rod Outhouse', 2),
(252, 'Piston Rod Rolling', 2),
(253, 'Piston Rod Harden', 2),
(254, 'Protecter', 2),
(280, 'Adjustable Stopper', 2),
(281, 'Adjuster Sticker', 2),
(282, 'Aluminium Rod', 2),
(283, 'Base Valve', 2),
(284, 'Base Valve Case', 2),
(285, 'Base Valve Pin', 2),
(286, 'Bearing Comp', 2),
(287, 'Bearing-Rod Guide', 2),
(288, 'Bladder', 2),
(289, 'Bolt (53)', 2),
(290, 'Boot', 2),
(291, 'Bump Stopper', 2),
(292, 'Bushing', 2),
(293, 'Cap', 2),
(294, 'Collar-Rubber Bushin', 2),
(295, 'Contra Nut', 2),
(296, 'Cushion Rubber', 2),
(297, 'Cylinder', 2),
(298, 'Cylinder Bracket', 2),
(299, 'Cylinder Complete', 2),
(300, 'Cylinder Cutting', 2),
(301, 'Damper Assy', 2),
(302, 'Damper Sticker', 2),
(303, 'Dust Seal', 2),
(304, 'Eye', 2),
(305, 'Free Piston', 2),
(306, 'Guide', 2),
(307, 'Guide Cylinder', 2),
(308, 'Inner Box', 2),
(309, 'Inner Cover', 2),
(310, 'In-Out Guide', 2),
(311, 'Layer', 2),
(312, 'Leaf Spring', 2),
(313, 'Leaf Valve', 2),
(314, 'Master Box', 2),
(315, 'Non Return Spring', 2),
(316, 'Non Return Valve', 2),
(317, 'Nut', 2),
(318, 'O-Ring', 2),
(319, 'Oil Seal', 2),
(320, 'Outer Cover', 2),
(321, 'Outer Guide Plug', 2),
(322, 'Outer Shell', 2),
(323, 'Outer Shell Comp', 2),
(324, 'Outer Shell Cutting', 2),
(325, 'Pallet', 2),
(326, 'Partition', 2),
(327, 'PE Foam Bag', 2),
(328, 'Piston', 2),
(329, 'Piston Ring', 2),
(330, 'Piston Rod Cutting ', 2),
(331, 'Piston Rod Machining', 2),
(332, 'Piston Rod Outhouse', 2),
(333, 'Piston Rod Rolling', 2),
(334, 'Piston Rod Harden', 2),
(335, 'Protecter', 2),
(336, 'Push Rod', 2),
(337, 'Rebound Cushion', 2),
(338, 'Rod Guide', 2),
(339, 'Ruber Bushing', 2),
(340, 'Snap Ring', 2),
(341, 'Spacer', 2),
(342, 'Spring', 2),
(343, 'Spring 1 Belum OK', 2),
(344, 'Spring 2 Belum OK', 2),
(405, 'Outer Shell Cutting', 2),
(406, 'Pallet', 2),
(407, 'Partition', 2),
(408, 'PE Foam Bag', 2),
(409, 'Piston', 2),
(410, 'Piston Ring', 2),
(411, 'Piston Rod Cutting ', 2),
(412, 'Piston Rod Machining', 2),
(413, 'Piston Rod Outhouse', 2),
(414, 'Piston Rod Rolling', 2),
(415, 'Piston Rod Harden', 2),
(416, 'Protecter', 2),
(417, 'Push Rod', 2),
(418, 'Rebound Cushion', 2),
(419, 'Rod Guide', 2),
(420, 'Ruber Bushing', 2),
(421, 'Snap Ring', 2),
(422, 'Spacer', 2),
(423, 'Spring', 2),
(424, 'Spring 1 Belum OK', 2),
(425, 'Spring 2 Belum OK', 2),
(426, 'Spring Guide (25)', 2),
(427, 'Spring Guide (39)', 2),
(428, 'Spring Seat', 2),
(429, 'Sticker', 2),
(430, 'Stopper-R', 2),
(431, 'Sub Spring', 2),
(432, 'Support', 2),
(433, 'TANK', 2),
(434, 'Throttle', 2),
(435, 'Under Bracket', 2),
(436, 'Upper Bracket', 2),
(437, 'Valve Stopper', 2),
(438, 'Vinly box', 2),
(439, 'Washer', 2),
(440, 'Wrench', 2),
(441, 'Yoke', 2),
(442, 'FF Aluminium Rod', 4),
(443, 'FF Cylinder', 4),
(444, 'FF Ingot RM', 4),
(445, 'FF Innertube', 4),
(446, 'FF Outer Tube', 4),
(447, 'FF RM', 4),
(448, 'FF Spacer RM', 4),
(449, 'FF Steering Shaft', 4),
(450, 'OCU Collar tube', 4),
(451, 'OCU Cylinder Old', 4),
(452, 'OCU Cylinder STKM11A', 4),
(453, 'OCU Cylinder STKM11A', 4),
(454, 'OCU Cylinder STKM12A', 4),
(455, 'OCU Cylinder STKM13B', 4),
(456, 'OCU Eye STKM13A-EC', 4),
(457, 'OCU Eye STKM13B-EC', 4),
(458, 'OCU Eye STKM13B-SC', 4),
(459, 'OCU O''Shell', 4),
(460, 'OCU Piston Rod S20C', 4),
(461, 'OCU Piston Rod S30C', 4),
(462, 'OCU Piston Rod S35C', 4),
(463, 'OCU Rod Guide', 4),
(464, 'OCU Tank', 4);

-- --------------------------------------------------------

--
-- Struktur dari tabel `sub_tools`
--

CREATE TABLE IF NOT EXISTS `sub_tools` (
  `id_tools` int(10) NOT NULL,
  `detail` varchar(50) NOT NULL,
  KEY `id_tools` (`id_tools`)
) ENGINE=InnoDB DEFAULT CHARSET=latin1;

-- --------------------------------------------------------

--
-- Struktur dari tabel `testing`
--

CREATE TABLE IF NOT EXISTS `testing` (
  `id_testing` int(11) NOT NULL AUTO_INCREMENT,
  `id_form` int(11) NOT NULL,
  `id_inspeksi` int(11) NOT NULL,
  `s1` double NOT NULL,
  `s2` double NOT NULL,
  `s3` double NOT NULL,
  `s4` double NOT NULL,
  `s5` double NOT NULL,
  `s6` double NOT NULL,
  `s7` double NOT NULL,
  `s8` double NOT NULL,
  `s9` double NOT NULL,
  `s10` double NOT NULL,
  `approve` int(1) NOT NULL,
  `status` int(1) NOT NULL,
  PRIMARY KEY (`id_testing`),
  KEY `id_form` (`id_form`),
  KEY `id_inspeksi` (`id_inspeksi`)
) ENGINE=InnoDB  DEFAULT CHARSET=latin1 AUTO_INCREMENT=1266 ;

--
-- Dumping data untuk tabel `testing`
--

INSERT INTO `testing` (`id_testing`, `id_form`, `id_inspeksi`, `s1`, `s2`, `s3`, `s4`, `s5`, `s6`, `s7`, `s8`, `s9`, `s10`, `approve`, `status`) VALUES
(807, 140, 21, 1, 0, 0, 0, 0, 0, 0, 0, 0, 0, 0, 1),
(808, 140, 22, 0, 0, 0, 0, 0, 0, 0, 0, 0, 0, 0, 1),
(809, 141, 21, 1, 0, 0, 0, 0, 0, 0, 0, 0, 0, 0, 1),
(810, 141, 22, 0, 0, 0, 0, 0, 0, 0, 0, 0, 0, 0, 0),
(811, 143, 29, 0, 0, 0, 0, 0, 0, 0, 0, 0, 0, 0, 0),
(812, 144, 21, 7, 8, 9, 9, 10, 11, 12, 12, 12, 12, 0, 0),
(813, 144, 22, 1, 0, 0, 0, 0, 0, 0, 0, 0, 0, 0, 1),
(814, 145, 23, 1, 0, 0, 0, 0, 0, 0, 0, 0, 0, 0, 1),
(815, 145, 30, 11, 11, 10, 10, 9, 11, 11, 11, 11, 11, 0, 1),
(816, 147, 23, 1, 0, 0, 0, 0, 0, 0, 0, 0, 0, 0, 1),
(817, 147, 30, 9, 9, 10, 11, 12, 12, 1, 21, 12, 11, 0, 0),
(818, 147, 31, 10, 10, 1, 10, 10, 10, 0, 0, 0, 0, 0, 0),
(819, 147, 32, 12, 12, 12, 12, 12, 12, 12, 10, 10, 12, 0, 1),
(820, 148, 23, 1, 0, 0, 0, 0, 0, 0, 0, 0, 0, 0, 1),
(821, 148, 30, 10, 10, 10, 10, 10, 10, 10, 10, 10, 10, 0, 1),
(822, 148, 31, 10, 10, 10, 10, 10, 10, 10, 10, 10, 10, 0, 1),
(823, 148, 32, 12, 11, 10, 13, 13, 12, 12, 12, 12, 12, 0, 0),
(824, 148, 34, 10, 8, 9, 9, 9, 9, 8, 9, 8, 8, 0, 1),
(825, 149, 23, 1, 0, 0, 0, 0, 0, 0, 0, 0, 0, 0, 1),
(826, 149, 30, 10, 10, 10, 10, 10, 10, 10, 10, 10, 10, 0, 1),
(827, 149, 31, 10, 10, 10, 10, 10, 10, 10, 10, 10, 10, 0, 1),
(828, 149, 32, 10, 11, 11, 11, 11, 11, 11, 12, 12, 12, 0, 1),
(829, 149, 34, 9, 9, 9, 9, 8, 10, 9, 9, 9, 9, 0, 1),
(830, 149, 35, 12, 11, 12, 12, 12, 12, 12, 12, 12, 12, 0, 1),
(831, 150, 36, 10, 9, 9, 11, 11, 10, 10, 10, 10, 10, 0, 0),
(832, 150, 38, 10, 12, 12, 12, 12, 12, 11, 11, 11, 11, 0, 1),
(833, 152, 36, 10, 10, 10, 10, 10, 10, 11, 12, 11, 10, 0, 0),
(834, 152, 38, 10, 10, 10, 10, 10, 10, 10, 10, 10, 10, 0, 1),
(835, 152, 39, 19, 19, 19, 19, 19, 20, 20, 20, 20, 20, 0, 1),
(836, 152, 40, 1, 0, 0, 0, 0, 0, 0, 0, 0, 0, 0, 1),
(837, 152, 41, 9, 9, 9, 10, 10, 10, 10, 10, 10, 10, 0, 1),
(838, 153, 36, 10, 11, 11, 11, 10, 10, 10, 10, 10, 10, 0, 0),
(839, 153, 38, 0, 0, 0, 0, 0, 0, 0, 0, 0, 0, 0, 0),
(840, 153, 39, 0, 0, 0, 0, 0, 0, 0, 0, 0, 0, 0, 0),
(841, 153, 40, 1, 0, 0, 0, 0, 0, 0, 0, 0, 0, 0, 1),
(842, 153, 41, 0, 0, 0, 0, 0, 0, 0, 0, 0, 0, 0, 0),
(843, 154, 36, 9, 10, 10, 10, 11, 11, 11, 11, 11, 11, 0, 1),
(844, 154, 38, 11, 11, 11, 11, 11, 11, 11, 11, 11, 11, 0, 1),
(845, 154, 39, 20, 20, 20, 20, 20, 10, 20, 20, 20, 20, 0, 0),
(846, 154, 40, 1, 0, 0, 0, 0, 0, 0, 0, 0, 0, 0, 1),
(847, 154, 41, 9, 10, 10, 10, 10, 10, 10, 10, 10, 10, 0, 1),
(848, 155, 36, 10, 10, 10, 10, 10, 10, 10, 10, 10, 10, 0, 1),
(849, 155, 38, 11, 11, 11, 11, 11, 11, 11, 11, 11, 11, 0, 1),
(850, 155, 39, 20, 20, 20, 20, 20, 20, 20, 20, 20, 20, 0, 1),
(851, 155, 40, 0, 0, 0, 0, 0, 0, 0, 0, 0, 0, 0, 0),
(852, 155, 41, 0, 0, 0, 0, 0, 0, 0, 0, 0, 0, 0, 0),
(853, 156, 42, 9, 10, 10, 10, 10, 10, 10, 9, 9, 9, 0, 1),
(854, 156, 43, 9, 9, 9, 9, 9, 9, 8, 8, 10, 10, 0, 1),
(855, 157, 44, 9, 10, 10, 10, 10, 10, 10, 10, 10, 10, 0, 1),
(856, 157, 45, 1, 0, 0, 0, 0, 0, 0, 0, 0, 0, 0, 1),
(857, 159, 44, 10, 9, 10, 10, 10, 10, 10, 10, 10, 10, 0, 1),
(858, 159, 45, 1, 0, 0, 0, 0, 0, 0, 0, 0, 0, 0, 1),
(859, 160, 23, 1, 0, 1, 1, 1, 1, 1, 1, 1, 1, 0, 0),
(860, 160, 30, 10, 10, 10, 10, 10, 10, 10, 10, 10, 10, 0, 1),
(861, 160, 31, 10, 10, 10, 10, 10, 10, 10, 10, 10, 10, 0, 1),
(862, 160, 32, 10, 12, 12, 12, 12, 12, 12, 12, 12, 12, 0, 1),
(863, 160, 34, 8, 8, 8, 8, 8, 8, 8, 8, 10, 10, 0, 1),
(864, 160, 35, 12, 12, 12, 12, 12, 12, 12, 12, 12, 12, 0, 1),
(865, 161, 44, 10, 10, 10, 10, 10, 9, 9, 10, 10, 10, 0, 1),
(866, 161, 45, 1, 1, 0, 1, 1, 1, 0, 0, 0, 0, 0, 0),
(867, 161, 46, 10, 10, 10, 10, 10, 10, 10, 10, 10, 10, 0, 1),
(868, 161, 47, 12, 12, 12, 12, 12, 1, 12, 12, 12, 12, 0, 0),
(869, 161, 48, 11, 11, 11, 11, 11, 11, 11, 11, 11, 11, 0, 1),
(870, 161, 49, 9, 8, 8, 8, 9, 8, 9, 8, 9, 8, 0, 1),
(871, 161, 50, 1, 0, 0, 0, 0, 0, 0, 0, 0, 0, 0, 1),
(872, 161, 51, 1, 0, 0, 0, 0, 0, 0, 0, 0, 0, 0, 1),
(873, 161, 52, 8, 8, 8, 8, 8, 8, 8, 8, 8, 8, 0, 1),
(874, 162, 44, 123, 12134, 4567, 2, 0, 0, 0, 0, 0, 0, 0, 0),
(875, 162, 45, 0, 0, 0, 0, 0, 0, 0, 0, 0, 0, 0, 0),
(876, 162, 46, 10, 9, 0, 0, 0, 0, 0, 0, 0, 0, 0, 1),
(877, 162, 47, 0, 0, 0, 0, 0, 0, 0, 0, 0, 0, 0, 0),
(878, 162, 48, 11, 111, 11, 0, 0, 0, 0, 0, 0, 0, 0, 0),
(879, 162, 49, 0, 0, 0, 0, 0, 0, 0, 0, 0, 0, 0, 0),
(880, 162, 50, 0, 0, 0, 0, 0, 0, 0, 0, 0, 0, 0, 0),
(881, 162, 51, 0, 0, 0, 0, 0, 0, 0, 0, 0, 0, 0, 0),
(882, 162, 52, 0, 0, 0, 0, 0, 0, 0, 0, 0, 0, 0, 0),
(883, 165, 44, 10, 9, 10, 9, 9, 9, 9, 10, 10, 10, 0, 0),
(884, 165, 45, 0, 0, 0, 0, 0, 0, 0, 0, 0, 0, 0, 0),
(885, 165, 46, 1, 7, 7, 10, 10, 0, 0, 0, 0, 0, 0, 0),
(886, 165, 47, 9, 12, 11, 11, 11, 11, 11, 11, 11, 11, 0, 0),
(887, 165, 48, 7, 10, 10, 10, 10, 10, 10, -1, -4, 1, 0, 0),
(888, 165, 49, 0, 2, 1, 1, 5, 9, 9, 8, 7, 7, 0, 0),
(889, 165, 50, 0, 0, 0, 0, 0, 0, 0, 0, 0, 0, 0, 0),
(890, 165, 51, 0, 0, 0, 0, 0, 0, 0, 0, 0, 0, 0, 0),
(891, 165, 52, 8, 8, 9, 9, 9, 9, 8, 8, 9, 9, 0, 0),
(892, 181, 57, 0, 1, 1, 1, 1, 1, 1, 1, 1, 1, 0, 1),
(893, 181, 58, 0, 0, 0, 0, 0, 0, 0, 0, 0, 0, 0, 1),
(894, 181, 52, 0, 8, 9, 8, 8, 8, 8, 8, 9, 8, 0, 0),
(895, 182, 57, 1, 1, 1, 0, 0, 0, 0, 0, 0, 0, 0, 1),
(896, 182, 52, 10, 10, 11, 13, 14, 16, 8, 8, 8, 8, 0, 0),
(897, 183, 57, 1, 1, 1, 1, 1, 0, 0, 0, 0, 0, 0, 1),
(898, 183, 52, 8, 7, 7, 7, 7, 8, 8, 9, 8, 8, 0, 0),
(899, 184, 57, 1, 1, 1, 1, 1, 1, 0, 1, 1, 1, 0, 0),
(900, 184, 52, 11, 8.46, 8.5, 8.5, 9.02, 9, 9, 9, 9, 9.01, 0, 0),
(901, 190, 52, 32.13, 33.8, 8.02, 7.28, 6.99, 8.99, 9.65, 9.65, 9.7, 10.44, 0, 0),
(902, 190, 58, 10.44, 10.44, 10.55, 10.24, 10.24, 10.24, 10.24, 10.24, 10.24, 10.24, 0, 0),
(903, 191, 52, 8.18, 8.18, 8.18, 8.18, 8.18, 8.18, 8.18, 8.18, 8.18, 8.18, 0, 1),
(904, 191, 58, 9.77, 9.77, 9.77, 9.77, 9.78, 9.78, 10.08, 10.25, 11.08, 10.15, 0, 0),
(905, 192, 52, 4.63, 19, 38.03, 55.6, 7.34, 3, 6.31, 11.52, 17.93, 12.1, 0, 0),
(906, 192, 58, 16.92, 24.81, 13.18, 17.38, 27.12, 37.21, 41.29, 24.29, 14.48, 10.25, 0, 0),
(907, 193, 59, 9.3, 9.3, 9.3, 9.3, 9.3, 9.3, 9.3, 9.3, 9.3, 9.3, 0, 0),
(908, 193, 62, 9.3, 9.3, 9.3, 9.3, 9.3, 9.3, 9.3, 9.3, 9.3, 9.3, 0, 1),
(909, 193, 64, 9.25, 9.25, 9.24, 9.24, 9.24, 9.24, 9.24, 9.24, 9.24, 9.24, 0, 0),
(910, 193, 65, 9.24, 9.24, 9.24, 9.24, 9.27, 9.22, 9.18, 9.26, 9.21, 9.18, 0, 1),
(911, 193, 67, 9.18, 9.17, 10.26, 10.49, 10.59, 10.69, 10.8, 10.95, 11.1, 11.21, 0, 0),
(912, 193, 52, 0, 10.95, 10.95, 10.95, 10.95, 10.95, 10.95, 10.95, 10.95, 10.95, 0, 0),
(913, 193, 58, 10.95, 10.95, 10.95, 10.95, 10.95, 10.95, 10.95, 10.95, 10.95, 10.95, 0, 0),
(914, 194, 59, 9.77, 9.76, 9.76, 9.76, 9.76, 0, 0, 0, 0, 0, 0, 1),
(915, 194, 62, 10.53, 10.53, 9.77, 9.77, 9.77, 9.77, 0, 0, 0, 0, 0, 0),
(916, 194, 64, 9.76, 9.76, 9.76, 9.76, 0, 0, 0, 0, 0, 0, 0, 1),
(917, 200, 57, 1, 0, 0, 0, 0, 0, 0, 0, 0, 0, 0, 1),
(918, 200, 57, 1, 1, 0, 0, 0, 0, 0, 0, 0, 0, 0, 1),
(919, 201, 57, 0, 0, 0, 0, 0, 0, 0, 0, 0, 0, 0, 1),
(920, 201, 59, 0, 0, 0, 0, 0, 0, 0, 0, 0, 0, 0, 1),
(921, 201, 62, 0, 0, 0, 0, 0, 0, 0, 0, 0, 0, 0, 1),
(922, 201, 64, 0, 0, 0, 0, 0, 0, 0, 0, 0, 0, 0, 1),
(923, 201, 65, 0, 0, 0, 0, 0, 0, 0, 0, 0, 0, 0, 1),
(924, 201, 67, 0, 0, 0, 0, 0, 0, 0, 0, 0, 0, 0, 0),
(925, 201, 52, 0, 0, 0, 0, 0, 0, 0, 0, 0, 0, 0, 0),
(926, 201, 58, 0, 0, 0, 0, 0, 0, 0, 0, 0, 0, 0, 0),
(927, 201, 63, 0, 0, 0, 0, 0, 0, 0, 0, 0, 0, 0, 0),
(928, 201, 66, 0, 0, 0, 0, 0, 0, 0, 0, 0, 0, 0, 1),
(929, 202, 57, 9.55, 9.55, 9.55, 9.55, 0, 0, 0, 0, 0, 0, 0, 1),
(930, 202, 59, 9.55, 9.55, 9.55, 0, 0, 0, 0, 0, 0, 0, 0, 1),
(931, 202, 62, 9.55, 9.55, 9.55, 0, 0, 0, 0, 0, 0, 0, 0, 1),
(932, 202, 64, 9.55, 9.55, 0, 0, 0, 0, 0, 0, 0, 0, 0, 1),
(933, 202, 65, 9.55, 0, 0, 0, 0, 0, 0, 0, 0, 0, 0, 1),
(934, 202, 67, 9.55, 9.55, 0, 0, 0, 0, 0, 0, 0, 0, 0, 0),
(935, 202, 52, 12.05, 0, 0, 0, 0, 0, 0, 0, 0, 0, 0, 0),
(936, 202, 58, 12.05, 0, 0, 0, 0, 0, 0, 0, 0, 0, 0, 0),
(937, 202, 63, 12.05, 0, 0, 0, 0, 0, 0, 0, 0, 0, 0, 0),
(938, 202, 66, 12.05, 0, 0, 0, 0, 0, 0, 0, 0, 0, 0, 1),
(939, 203, 57, 0, 0, 0, 0, 0, 0, 0, 0, 0, 0, 0, 0),
(940, 203, 59, 0, 0, 0, 0, 0, 0, 0, 0, 0, 0, 0, 1),
(941, 203, 62, 0, 0, 0, 0, 0, 0, 0, 0, 0, 0, 0, 1),
(942, 203, 64, 0, 0, 0, 0, 0, 0, 0, 0, 0, 0, 0, 1),
(943, 203, 65, 0, 0, 0, 0, 0, 0, 0, 0, 0, 0, 0, 1),
(944, 203, 67, 0, 0, 0, 0, 0, 0, 0, 0, 0, 0, 0, 0),
(945, 203, 52, 0, 0, 0, 0, 0, 0, 0, 0, 0, 0, 0, 0),
(946, 203, 58, 0, 0, 0, 0, 0, 0, 0, 0, 0, 0, 0, 1),
(947, 203, 63, 0, 0, 0, 0, 0, 0, 0, 0, 0, 0, 0, 0),
(948, 203, 66, 0, 0, 0, 0, 0, 0, 0, 0, 0, 0, 0, 0),
(949, 203, 57, 0, 0, 0, 0, 0, 0, 0, 0, 0, 0, 0, 1),
(950, 203, 59, 0, 0, 0, 0, 0, 0, 0, 0, 0, 0, 0, 1),
(951, 203, 62, 0, 0, 0, 0, 0, 0, 0, 0, 0, 0, 0, 1),
(952, 203, 64, 0, 0, 0, 0, 0, 0, 0, 0, 0, 0, 0, 1),
(953, 203, 65, 0, 0, 0, 0, 0, 0, 0, 0, 0, 0, 0, 1),
(954, 203, 67, 0, 0, 0, 0, 0, 0, 0, 0, 0, 0, 0, 0),
(955, 203, 52, 0, 0, 0, 0, 0, 0, 0, 0, 0, 0, 0, 0),
(956, 203, 58, 0, 0, 0, 0, 0, 0, 0, 0, 0, 0, 0, 0),
(957, 203, 63, 0, 0, 0, 0, 0, 0, 0, 0, 0, 0, 0, 0),
(958, 203, 66, 0, 0, 0, 0, 0, 0, 0, 0, 0, 0, 0, 0),
(959, 204, 57, 9.6, 0, 0, 0, 0, 0, 0, 0, 0, 0, 0, 1),
(960, 204, 59, 9.6, 0, 0, 0, 0, 0, 0, 0, 0, 0, 0, 1),
(961, 204, 62, 9.6, 0, 0, 0, 0, 0, 0, 0, 0, 0, 0, 1),
(962, 204, 64, 9.6, 0, 0, 0, 0, 0, 0, 0, 0, 0, 0, 1),
(963, 204, 65, 9.6, 0, 0, 0, 0, 0, 0, 0, 0, 0, 0, 1),
(964, 204, 67, 0, 0, 0, 0, 0, 0, 0, 0, 0, 0, 0, 0),
(965, 204, 52, 0, 0, 0, 0, 0, 0, 0, 0, 0, 0, 0, 0),
(966, 204, 58, 0, 0, 0, 0, 0, 0, 0, 0, 0, 0, 0, 0),
(967, 204, 63, 0, 0, 0, 0, 0, 0, 0, 0, 0, 0, 0, 0),
(968, 204, 66, 0, 0, 0, 0, 0, 0, 0, 0, 0, 0, 0, 0),
(969, 205, 57, 9.62, 9.62, 0, 0, 0, 0, 0, 0, 0, 0, 0, 1),
(970, 205, 59, 9.62, 0, 0, 0, 0, 0, 0, 0, 0, 0, 0, 1),
(971, 205, 62, 9.62, 0, 0, 0, 0, 0, 0, 0, 0, 0, 0, 1),
(972, 205, 64, 9.62, 0, 0, 0, 0, 0, 0, 0, 0, 0, 0, 1),
(973, 205, 65, 9.62, 0, 0, 0, 0, 0, 0, 0, 0, 0, 0, 1),
(974, 205, 67, 9.62, 0, 0, 0, 0, 0, 0, 0, 0, 0, 0, 0),
(975, 205, 52, 6.82, 0, 0, 0, 0, 0, 0, 0, 0, 0, 0, 0),
(976, 205, 58, 6.82, 0, 0, 0, 0, 0, 0, 0, 0, 0, 0, 0),
(977, 205, 63, 6.82, 0, 0, 0, 0, 0, 0, 0, 0, 0, 0, 0),
(978, 205, 66, 6.82, 0, 0, 0, 0, 0, 0, 0, 0, 0, 0, 0),
(979, 207, 57, 10.01, 0, 0, 0, 0, 0, 0, 0, 0, 0, 0, 1),
(980, 207, 59, 10.01, 0, 0, 0, 0, 0, 0, 0, 0, 0, 0, 1),
(981, 207, 62, 10.01, 0, 0, 0, 0, 0, 0, 0, 0, 0, 0, 1),
(982, 207, 64, 10.01, 0, 0, 0, 0, 0, 0, 0, 0, 0, 0, 1),
(983, 207, 65, 10.01, 0, 0, 0, 0, 0, 0, 0, 0, 0, 0, 0),
(984, 207, 67, 10.01, 0, 0, 0, 0, 0, 0, 0, 0, 0, 0, 0),
(985, 207, 52, 9.06, 8.32, 7.95, 0, 0, 0, 0, 0, 0, 0, 0, 0),
(986, 207, 58, 7.91, 0, 0, 0, 0, 0, 0, 0, 0, 0, 0, 0),
(987, 207, 63, 7.93, 0, 0, 0, 0, 0, 0, 0, 0, 0, 0, 1),
(988, 207, 66, 7.94, 0, 0, 0, 0, 0, 0, 0, 0, 0, 0, 0),
(989, 211, 57, 10.5, 10.51, 10.49, 10.47, 10.44, 0, 0, 0, 0, 0, 0, 0),
(990, 211, 59, 10.44, 10.48, 10.57, 10.66, 10.54, 0, 0, 0, 0, 0, 0, 0),
(991, 211, 62, 0, 0, 0, 0, 0, 0, 0, 0, 0, 0, 0, 0),
(992, 211, 64, 0, 0, 0, 0, 0, 0, 0, 0, 0, 0, 0, 1),
(993, 211, 65, 0, 0, 0, 0, 0, 0, 0, 0, 0, 0, 0, 0),
(994, 211, 67, 0, 0, 0, 0, 0, 0, 0, 0, 0, 0, 0, 0),
(995, 211, 52, 0, 0, 0, 0, 0, 0, 0, 0, 0, 0, 0, 1),
(996, 211, 58, 0, 0, 0, 0, 0, 0, 0, 0, 0, 0, 0, 0),
(997, 211, 63, 0, 0, 0, 0, 0, 0, 0, 0, 0, 0, 0, 1),
(998, 211, 66, 0, 0, 0, 0, 0, 0, 0, 0, 0, 0, 0, 1),
(999, 212, 57, 0, 0, 0, 0, 0, 0, 0, 0, 0, 0, 0, 0),
(1000, 212, 59, 0, 0, 0, 0, 0, 0, 0, 0, 0, 0, 0, 0),
(1001, 212, 62, 0, 0, 0, 0, 0, 0, 0, 0, 0, 0, 0, 0),
(1002, 212, 64, 0, 0, 0, 0, 0, 0, 0, 0, 0, 0, 0, 0),
(1003, 212, 65, 0, 0, 0, 0, 0, 0, 0, 0, 0, 0, 0, 0),
(1004, 212, 67, 0, 0, 0, 0, 0, 0, 0, 0, 0, 0, 0, 1),
(1005, 212, 52, 0, 0, 0, 0, 0, 0, 0, 0, 0, 0, 0, 0),
(1006, 212, 58, 0, 0, 0, 0, 0, 0, 0, 0, 0, 0, 0, 0),
(1007, 212, 63, 0, 0, 0, 0, 0, 0, 0, 0, 0, 0, 0, 0),
(1008, 212, 66, 0, 0, 0, 0, 0, 0, 0, 0, 0, 0, 0, 1),
(1009, 213, 57, 0, 0, 0, 0, 0, 0, 0, 0, 0, 0, 0, 0),
(1010, 213, 59, 0, 0, 0, 0, 0, 0, 0, 0, 0, 0, 0, 0),
(1011, 213, 62, 0, 0, 0, 0, 0, 0, 0, 0, 0, 0, 0, 0),
(1012, 213, 64, 0, 0, 0, 0, 0, 0, 0, 0, 0, 0, 0, 0),
(1013, 213, 65, 0, 0, 0, 0, 0, 0, 0, 0, 0, 0, 0, 0),
(1014, 213, 67, 0, 0, 0, 0, 0, 0, 0, 0, 0, 0, 0, 1),
(1015, 213, 52, 0, 0, 0, 0, 0, 0, 0, 0, 0, 0, 0, 0),
(1016, 213, 58, 0, 0, 0, 0, 0, 0, 0, 0, 0, 0, 0, 0),
(1017, 213, 63, 0, 0, 0, 0, 0, 0, 0, 0, 0, 0, 0, 0),
(1018, 213, 66, 0, 0, 0, 0, 0, 0, 0, 0, 0, 0, 0, 1),
(1019, 215, 57, 0, 0, 0, 0, 0, 0, 0, 0, 0, 0, 0, 0),
(1020, 215, 59, 0, 0, 0, 0, 0, 0, 0, 0, 0, 0, 0, 0),
(1021, 215, 62, 0, 0, 0, 0, 0, 0, 0, 0, 0, 0, 0, 0),
(1022, 215, 64, 0, 0, 0, 0, 0, 0, 0, 0, 0, 0, 0, 0),
(1023, 215, 65, 0, 0, 0, 0, 0, 0, 0, 0, 0, 0, 0, 0),
(1024, 215, 67, 0, 0, 0, 0, 0, 0, 0, 0, 0, 0, 0, 1),
(1025, 215, 52, 0, 0, 0, 0, 0, 0, 0, 0, 0, 0, 0, 0),
(1026, 215, 58, 0, 0, 0, 0, 0, 0, 0, 0, 0, 0, 0, 0),
(1027, 215, 63, 0, 0, 0, 0, 0, 0, 0, 0, 0, 0, 0, 0),
(1028, 215, 66, 0, 0, 0, 0, 0, 0, 0, 0, 0, 0, 0, 1),
(1029, 215, 57, 0, 0, 0, 0, 0, 0, 0, 0, 0, 0, 0, 0),
(1030, 215, 59, 0, 0, 0, 0, 0, 0, 0, 0, 0, 0, 0, 0),
(1031, 215, 62, 0, 0, 0, 0, 0, 0, 0, 0, 0, 0, 0, 0),
(1032, 215, 64, 0, 0, 0, 0, 0, 0, 0, 0, 0, 0, 0, 0),
(1033, 215, 65, 0, 0, 0, 0, 0, 0, 0, 0, 0, 0, 0, 0),
(1034, 215, 67, 0, 0, 0, 0, 0, 0, 0, 0, 0, 0, 0, 0),
(1035, 215, 52, 0, 0, 0, 0, 0, 0, 0, 0, 0, 0, 0, 0),
(1036, 215, 58, 0, 0, 0, 0, 0, 0, 0, 0, 0, 0, 0, 0),
(1037, 215, 63, 0, 0, 0, 0, 0, 0, 0, 0, 0, 0, 0, 0),
(1038, 215, 66, 0, 0, 0, 0, 0, 0, 0, 0, 0, 0, 0, 0),
(1039, 216, 57, 0, 0, 0, 0, 0, 0, 0, 0, 0, 0, 0, 0),
(1040, 216, 59, 0, 0, 0, 0, 0, 0, 0, 0, 0, 0, 0, 0),
(1041, 216, 62, 0, 0, 0, 0, 0, 0, 0, 0, 0, 0, 0, 0),
(1042, 216, 64, 0, 0, 0, 0, 0, 0, 0, 0, 0, 0, 0, 0),
(1043, 216, 65, 0, 0, 0, 0, 0, 0, 0, 0, 0, 0, 0, 0),
(1044, 216, 67, 0, 0, 0, 0, 0, 0, 0, 0, 0, 0, 0, 1),
(1045, 216, 52, 0, 0, 0, 0, 0, 0, 0, 0, 0, 0, 0, 0),
(1046, 216, 58, 0, 0, 0, 0, 0, 0, 0, 0, 0, 0, 0, 0),
(1047, 216, 63, 0, 0, 0, 0, 0, 0, 0, 0, 0, 0, 0, 0),
(1048, 216, 66, 0, 0, 0, 0, 0, 0, 0, 0, 0, 0, 0, 1),
(1049, 217, 57, 12.14, 12.22, 0, 0, 0, 0, 0, 0, 0, 0, 0, 0),
(1050, 217, 59, 12.14, 12.22, 0, 0, 0, 0, 0, 0, 0, 0, 0, 0),
(1051, 217, 62, 12.14, 12.22, 0, 0, 0, 0, 0, 0, 0, 0, 0, 0),
(1052, 217, 64, 12.14, 12.22, 0, 0, 0, 0, 0, 0, 0, 0, 0, 0),
(1053, 217, 65, 12.14, 12.22, 0, 0, 0, 0, 0, 0, 0, 0, 0, 0),
(1054, 217, 67, 12.14, 12.22, 0, 0, 0, 0, 0, 0, 0, 0, 0, 0),
(1055, 217, 52, 11.72, 11.96, 0, 0, 0, 0, 0, 0, 0, 0, 0, 0),
(1056, 217, 58, 11.7, 11.96, 0, 0, 0, 0, 0, 0, 0, 0, 0, 0),
(1057, 217, 63, 11.7, 11.96, 0, 0, 0, 0, 0, 0, 0, 0, 0, 0),
(1058, 217, 66, 11.72, 11.96, 0, 0, 0, 0, 0, 0, 0, 0, 0, 0),
(1059, 218, 57, 1.41, 0, 0, 0, 0, 0, 0, 0, 0, 0, 0, 0),
(1060, 218, 59, 1.41, 0, 0, 0, 0, 0, 0, 0, 0, 0, 0, 0),
(1061, 218, 62, 1.41, 1.41, 0, 0, 0, 0, 0, 0, 0, 0, 0, 0),
(1062, 218, 64, 1.41, 1.41, 1.41, 0, 0, 0, 0, 0, 0, 0, 0, 0),
(1063, 218, 65, 1.41, 1.41, 1.41, 1.41, 0, 0, 0, 0, 0, 0, 0, 0),
(1064, 218, 67, 1.41, 1.41, 1.41, 1.41, 1.41, 0, 0, 0, 0, 0, 0, 0),
(1065, 218, 52, 7.97, 7.97, 7.97, 7.97, 7.97, 7.97, 0, 0, 0, 0, 0, 1),
(1066, 218, 58, 7.97, 10.49, 10.49, 10.49, 10.49, 10.49, 10.49, 0, 0, 0, 0, 0),
(1067, 218, 63, 10.49, 10.49, 10.49, 10.49, 10.49, 10.49, 10.49, 10.49, 0, 0, 0, 0),
(1068, 218, 66, 10.49, 10.49, 10.49, 10.49, 10.49, 10.49, 10.49, 10.49, 10.49, 0, 0, 0),
(1069, 219, 57, 1.41, 0, 0, 0, 0, 0, 0, 0, 0, 0, 0, 0),
(1070, 219, 59, 1.41, 0, 0, 0, 0, 0, 0, 0, 0, 0, 0, 0),
(1071, 219, 62, 1.41, 0, 0, 0, 0, 0, 0, 0, 0, 0, 0, 0),
(1072, 219, 64, 1.41, 0, 0, 0, 0, 0, 0, 0, 0, 0, 0, 0),
(1073, 219, 65, 1.41, 0, 0, 0, 0, 0, 0, 0, 0, 0, 0, 0),
(1074, 219, 67, 1.41, 0, 0, 0, 0, 0, 0, 0, 0, 0, 0, 0),
(1075, 219, 52, 10.49, 0, 0, 0, 0, 0, 0, 0, 0, 0, 0, 0),
(1076, 219, 58, 10.49, 0, 0, 0, 0, 0, 0, 0, 0, 0, 0, 1),
(1077, 219, 63, 10.49, 0, 0, 0, 0, 0, 0, 0, 0, 0, 0, 0),
(1078, 219, 66, 10.49, 10.49, 0, 0, 0, 0, 0, 0, 0, 0, 0, 0),
(1079, 222, 57, 1.73, 0, 0, 0, 0, 0, 0, 0, 0, 0, 0, 0),
(1080, 222, 59, 1.73, 0, 0, 0, 0, 0, 0, 0, 0, 0, 0, 0),
(1081, 222, 62, 1.73, 0, 0, 0, 0, 0, 0, 0, 0, 0, 0, 0),
(1082, 222, 64, 1.73, 0, 0, 0, 0, 0, 0, 0, 0, 0, 0, 0),
(1083, 222, 65, 1.73, 0, 0, 0, 0, 0, 0, 0, 0, 0, 0, 0),
(1084, 222, 67, 1.73, 0, 0, 0, 0, 0, 0, 0, 0, 0, 0, 0),
(1085, 222, 52, 3.77, 0, 0, 0, 0, 0, 0, 0, 0, 0, 0, 0),
(1086, 222, 58, 3.64, 0, 0, 0, 0, 0, 0, 0, 0, 0, 0, 0),
(1087, 222, 63, 3.64, 0, 0, 0, 0, 0, 0, 0, 0, 0, 0, 0),
(1088, 222, 66, 3.64, 0, 0, 0, 0, 0, 0, 0, 0, 0, 0, 0),
(1089, 223, 57, 1.73, 0, 0, 0, 0, 0, 0, 0, 0, 0, 0, 0),
(1090, 223, 57, 1.73, 0, 0, 0, 0, 0, 0, 0, 0, 0, 0, 0),
(1091, 223, 57, 1.73, 0, 0, 0, 0, 0, 0, 0, 0, 0, 0, 0),
(1092, 223, 57, 1.73, 0, 0, 0, 0, 0, 0, 0, 0, 0, 0, 0),
(1093, 223, 57, 1.73, 0, 0, 0, 0, 0, 0, 0, 0, 0, 0, 0),
(1094, 223, 59, 1.73, 0, 0, 0, 0, 0, 0, 0, 0, 0, 0, 0),
(1095, 223, 62, 1.73, 0, 0, 0, 0, 0, 0, 0, 0, 0, 0, 0),
(1096, 223, 64, 1.73, 0, 0, 0, 0, 0, 0, 0, 0, 0, 0, 0),
(1097, 223, 65, 1.73, 0, 0, 0, 0, 0, 0, 0, 0, 0, 0, 0),
(1098, 223, 67, 1.73, 0, 0, 0, 0, 0, 0, 0, 0, 0, 0, 0),
(1099, 223, 52, 3.65, 0, 0, 0, 0, 0, 0, 0, 0, 0, 0, 0),
(1100, 223, 58, 3.65, 0, 0, 0, 0, 0, 0, 0, 0, 0, 0, 0),
(1101, 223, 63, 3.65, 0, 0, 0, 0, 0, 0, 0, 0, 0, 0, 0),
(1102, 223, 66, 3.65, 0, 0, 0, 0, 0, 0, 0, 0, 0, 0, 0),
(1103, 224, 57, 1.71, 0, 0, 0, 0, 0, 0, 0, 0, 0, 0, 0),
(1104, 224, 57, 1.71, 0, 0, 0, 0, 0, 0, 0, 0, 0, 0, 0),
(1105, 224, 57, 1.71, 0, 0, 0, 0, 0, 0, 0, 0, 0, 0, 0),
(1106, 224, 57, 1.71, 0, 0, 0, 0, 0, 0, 0, 0, 0, 0, 0),
(1107, 224, 59, 1.71, 0, 0, 0, 0, 0, 0, 0, 0, 0, 0, 0),
(1108, 224, 62, 1.71, 0, 0, 0, 0, 0, 0, 0, 0, 0, 0, 0),
(1109, 224, 64, 1.71, 0, 0, 0, 0, 0, 0, 0, 0, 0, 0, 0),
(1110, 224, 65, 0, 1.71, 1.71, 0, 0, 0, 0, 0, 0, 0, 0, 0),
(1111, 224, 67, 1.71, 0, 0, 0, 0, 0, 0, 0, 0, 0, 0, 0),
(1112, 224, 52, 3.64, 0, 0, 0, 0, 0, 0, 0, 0, 0, 0, 0),
(1113, 224, 58, 3.64, 0, 0, 0, 0, 0, 0, 0, 0, 0, 0, 0),
(1114, 224, 63, 3.64, 0, 0, 0, 0, 0, 0, 0, 0, 0, 0, 0),
(1115, 224, 66, 0, 3.62, 0, 0, 0, 0, 0, 0, 0, 0, 0, 0),
(1116, 224, 57, 1.71, 0, 0, 0, 0, 0, 0, 0, 0, 0, 0, 0),
(1117, 224, 59, 1.71, 0, 0, 0, 0, 0, 0, 0, 0, 0, 0, 0),
(1118, 224, 62, 1.71, 0, 0, 0, 0, 0, 0, 0, 0, 0, 0, 0),
(1119, 224, 64, 1.71, 0, 0, 0, 0, 0, 0, 0, 0, 0, 0, 0),
(1120, 224, 65, 0, 1.71, 1.71, 0, 0, 0, 0, 0, 0, 0, 0, 0),
(1121, 224, 67, 1.71, 0, 0, 0, 0, 0, 0, 0, 0, 0, 0, 0),
(1122, 224, 52, 3.64, 0, 0, 0, 0, 0, 0, 0, 0, 0, 0, 0),
(1123, 224, 58, 3.64, 0, 0, 0, 0, 0, 0, 0, 0, 0, 0, 0),
(1124, 224, 63, 3.64, 0, 0, 0, 0, 0, 0, 0, 0, 0, 0, 0),
(1125, 224, 66, 0, 3.62, 0, 0, 0, 0, 0, 0, 0, 0, 0, 0),
(1126, 225, 57, 2.04, 2.04, 0, 0, 0, 0, 0, 0, 0, 0, 0, 0),
(1127, 225, 59, 2.04, 0, 0, 0, 0, 0, 0, 0, 0, 0, 0, 0),
(1128, 225, 62, 2.04, 0, 0, 0, 0, 0, 0, 0, 0, 0, 0, 0),
(1129, 225, 64, 2.04, 0, 0, 0, 0, 0, 0, 0, 0, 0, 0, 0),
(1130, 225, 65, 2.04, 0, 0, 0, 0, 0, 0, 0, 0, 0, 0, 0),
(1131, 225, 67, 2.04, 0, 0, 0, 0, 0, 0, 0, 0, 0, 0, 0),
(1132, 225, 52, 3.62, 0, 0, 0, 0, 0, 0, 0, 0, 0, 0, 0),
(1133, 225, 58, 3.62, 0, 0, 0, 0, 0, 0, 0, 0, 0, 0, 0),
(1134, 225, 63, 3.62, 0, 0, 0, 0, 0, 0, 0, 0, 0, 0, 0),
(1135, 225, 66, 3.62, 3.62, 0, 0, 0, 0, 0, 0, 0, 0, 0, 0),
(1136, 225, 57, 2.04, 2.04, 0, 0, 0, 0, 0, 0, 0, 0, 0, 0),
(1137, 225, 59, 2.04, 0, 0, 0, 0, 0, 0, 0, 0, 0, 0, 0),
(1138, 225, 62, 2.04, 0, 0, 0, 0, 0, 0, 0, 0, 0, 0, 0),
(1139, 225, 64, 2.04, 0, 0, 0, 0, 0, 0, 0, 0, 0, 0, 0),
(1140, 225, 65, 2.04, 0, 0, 0, 0, 0, 0, 0, 0, 0, 0, 0),
(1141, 225, 67, 2.04, 0, 0, 0, 0, 0, 0, 0, 0, 0, 0, 0),
(1142, 225, 52, 3.62, 0, 0, 0, 0, 0, 0, 0, 0, 0, 0, 0),
(1143, 225, 58, 3.62, 0, 0, 0, 0, 0, 0, 0, 0, 0, 0, 0),
(1144, 225, 63, 3.62, 0, 0, 0, 0, 0, 0, 0, 0, 0, 0, 0),
(1145, 225, 66, 3.62, 3.62, 0, 0, 0, 0, 0, 0, 0, 0, 0, 0),
(1146, 225, 57, 2.04, 2.04, 0, 0, 0, 0, 0, 0, 0, 0, 0, 0),
(1147, 225, 59, 2.04, 0, 0, 0, 0, 0, 0, 0, 0, 0, 0, 0),
(1148, 225, 62, 2.04, 0, 0, 0, 0, 0, 0, 0, 0, 0, 0, 0),
(1149, 225, 64, 2.04, 0, 0, 0, 0, 0, 0, 0, 0, 0, 0, 0),
(1150, 225, 65, 2.04, 0, 0, 0, 0, 0, 0, 0, 0, 0, 0, 0),
(1151, 225, 67, 2.04, 0, 0, 0, 0, 0, 0, 0, 0, 0, 0, 0),
(1152, 225, 52, 3.62, 0, 0, 0, 0, 0, 0, 0, 0, 0, 0, 0),
(1153, 225, 58, 3.62, 0, 0, 0, 0, 0, 0, 0, 0, 0, 0, 0),
(1154, 225, 63, 3.62, 0, 0, 0, 0, 0, 0, 0, 0, 0, 0, 0),
(1155, 225, 66, 3.62, 3.62, 0, 0, 0, 0, 0, 0, 0, 0, 0, 0),
(1156, 225, 57, 2.04, 2.04, 0, 0, 0, 0, 0, 0, 0, 0, 0, 0),
(1157, 225, 59, 2.04, 0, 0, 0, 0, 0, 0, 0, 0, 0, 0, 0),
(1158, 225, 62, 2.04, 0, 0, 0, 0, 0, 0, 0, 0, 0, 0, 0),
(1159, 225, 64, 2.04, 0, 0, 0, 0, 0, 0, 0, 0, 0, 0, 0),
(1160, 225, 65, 2.04, 0, 0, 0, 0, 0, 0, 0, 0, 0, 0, 0),
(1161, 225, 67, 2.04, 0, 0, 0, 0, 0, 0, 0, 0, 0, 0, 0),
(1162, 225, 52, 3.62, 0, 0, 0, 0, 0, 0, 0, 0, 0, 0, 0),
(1163, 225, 58, 3.62, 0, 0, 0, 0, 0, 0, 0, 0, 0, 0, 0),
(1164, 225, 63, 3.62, 0, 0, 0, 0, 0, 0, 0, 0, 0, 0, 0),
(1165, 225, 66, 3.62, 3.62, 0, 0, 0, 0, 0, 0, 0, 0, 0, 0),
(1166, 225, 57, 2.04, 2.04, 0, 0, 0, 0, 0, 0, 0, 0, 0, 0),
(1167, 225, 59, 2.04, 0, 0, 0, 0, 0, 0, 0, 0, 0, 0, 0),
(1168, 225, 62, 2.04, 0, 0, 0, 0, 0, 0, 0, 0, 0, 0, 0),
(1169, 225, 64, 2.04, 0, 0, 0, 0, 0, 0, 0, 0, 0, 0, 0),
(1170, 225, 65, 2.04, 0, 0, 0, 0, 0, 0, 0, 0, 0, 0, 0),
(1171, 225, 67, 2.04, 0, 0, 0, 0, 0, 0, 0, 0, 0, 0, 0),
(1172, 225, 52, 3.62, 0, 0, 0, 0, 0, 0, 0, 0, 0, 0, 0),
(1173, 225, 58, 3.62, 0, 0, 0, 0, 0, 0, 0, 0, 0, 0, 0),
(1174, 225, 63, 3.62, 0, 0, 0, 0, 0, 0, 0, 0, 0, 0, 0),
(1175, 225, 66, 3.62, 3.62, 0, 0, 0, 0, 0, 0, 0, 0, 0, 0),
(1176, 225, 57, 2.04, 2.04, 0, 0, 0, 0, 0, 0, 0, 0, 0, 0),
(1177, 225, 59, 2.04, 0, 0, 0, 0, 0, 0, 0, 0, 0, 0, 0),
(1178, 225, 62, 2.04, 0, 0, 0, 0, 0, 0, 0, 0, 0, 0, 0),
(1179, 225, 64, 2.04, 0, 0, 0, 0, 0, 0, 0, 0, 0, 0, 0),
(1180, 225, 65, 2.04, 0, 0, 0, 0, 0, 0, 0, 0, 0, 0, 0),
(1181, 225, 67, 2.04, 0, 0, 0, 0, 0, 0, 0, 0, 0, 0, 0),
(1182, 225, 52, 3.62, 0, 0, 0, 0, 0, 0, 0, 0, 0, 0, 0),
(1183, 225, 58, 3.62, 0, 0, 0, 0, 0, 0, 0, 0, 0, 0, 0),
(1184, 225, 63, 3.62, 0, 0, 0, 0, 0, 0, 0, 0, 0, 0, 0),
(1185, 225, 66, 3.62, 3.62, 0, 0, 0, 0, 0, 0, 0, 0, 0, 0),
(1186, 225, 57, 2.04, 2.04, 0, 0, 0, 0, 0, 0, 0, 0, 0, 0),
(1187, 225, 59, 2.04, 0, 0, 0, 0, 0, 0, 0, 0, 0, 0, 0),
(1188, 225, 62, 2.04, 0, 0, 0, 0, 0, 0, 0, 0, 0, 0, 0),
(1189, 225, 64, 2.04, 0, 0, 0, 0, 0, 0, 0, 0, 0, 0, 0),
(1190, 225, 65, 2.04, 0, 0, 0, 0, 0, 0, 0, 0, 0, 0, 0),
(1191, 225, 67, 2.04, 0, 0, 0, 0, 0, 0, 0, 0, 0, 0, 0),
(1192, 225, 52, 3.62, 0, 0, 0, 0, 0, 0, 0, 0, 0, 0, 0),
(1193, 225, 58, 3.62, 0, 0, 0, 0, 0, 0, 0, 0, 0, 0, 0),
(1194, 225, 63, 3.62, 0, 0, 0, 0, 0, 0, 0, 0, 0, 0, 0),
(1195, 225, 66, 3.62, 3.62, 0, 0, 0, 0, 0, 0, 0, 0, 0, 0),
(1196, 225, 57, 2.04, 2.04, 0, 0, 0, 0, 0, 0, 0, 0, 0, 0),
(1197, 225, 59, 2.04, 0, 0, 0, 0, 0, 0, 0, 0, 0, 0, 0),
(1198, 225, 62, 2.04, 0, 0, 0, 0, 0, 0, 0, 0, 0, 0, 0),
(1199, 225, 64, 2.04, 0, 0, 0, 0, 0, 0, 0, 0, 0, 0, 0),
(1200, 225, 65, 2.04, 0, 0, 0, 0, 0, 0, 0, 0, 0, 0, 0),
(1201, 225, 67, 2.04, 0, 0, 0, 0, 0, 0, 0, 0, 0, 0, 0),
(1202, 225, 52, 3.62, 0, 0, 0, 0, 0, 0, 0, 0, 0, 0, 0),
(1203, 225, 58, 3.62, 0, 0, 0, 0, 0, 0, 0, 0, 0, 0, 0),
(1204, 225, 63, 3.62, 0, 0, 0, 0, 0, 0, 0, 0, 0, 0, 0),
(1205, 225, 66, 3.62, 3.62, 0, 0, 0, 0, 0, 0, 0, 0, 0, 0),
(1206, 225, 57, 2.04, 2.04, 0, 0, 0, 0, 0, 0, 0, 0, 0, 0),
(1207, 225, 59, 2.04, 0, 0, 0, 0, 0, 0, 0, 0, 0, 0, 0),
(1208, 225, 62, 2.04, 0, 0, 0, 0, 0, 0, 0, 0, 0, 0, 0),
(1209, 225, 64, 2.04, 0, 0, 0, 0, 0, 0, 0, 0, 0, 0, 0),
(1210, 225, 65, 2.04, 0, 0, 0, 0, 0, 0, 0, 0, 0, 0, 0),
(1211, 225, 67, 2.04, 0, 0, 0, 0, 0, 0, 0, 0, 0, 0, 0),
(1212, 225, 52, 3.62, 0, 0, 0, 0, 0, 0, 0, 0, 0, 0, 0),
(1213, 225, 58, 3.62, 0, 0, 0, 0, 0, 0, 0, 0, 0, 0, 0),
(1214, 225, 63, 3.62, 0, 0, 0, 0, 0, 0, 0, 0, 0, 0, 0),
(1215, 225, 66, 3.62, 3.62, 0, 0, 0, 0, 0, 0, 0, 0, 0, 0),
(1216, 225, 57, 2.04, 2.04, 0, 0, 0, 0, 0, 0, 0, 0, 0, 0),
(1217, 225, 59, 2.04, 0, 0, 0, 0, 0, 0, 0, 0, 0, 0, 0),
(1218, 225, 62, 2.04, 0, 0, 0, 0, 0, 0, 0, 0, 0, 0, 0),
(1219, 225, 64, 2.04, 0, 0, 0, 0, 0, 0, 0, 0, 0, 0, 0),
(1220, 225, 65, 2.04, 0, 0, 0, 0, 0, 0, 0, 0, 0, 0, 0),
(1221, 225, 67, 2.04, 0, 0, 0, 0, 0, 0, 0, 0, 0, 0, 0),
(1222, 225, 52, 3.62, 0, 0, 0, 0, 0, 0, 0, 0, 0, 0, 0),
(1223, 225, 58, 3.62, 0, 0, 0, 0, 0, 0, 0, 0, 0, 0, 0),
(1224, 225, 63, 3.62, 0, 0, 0, 0, 0, 0, 0, 0, 0, 0, 0),
(1225, 225, 66, 3.62, 3.62, 0, 0, 0, 0, 0, 0, 0, 0, 0, 0),
(1226, 225, 57, 2.04, 2.04, 0, 0, 0, 0, 0, 0, 0, 0, 0, 0),
(1227, 225, 59, 2.04, 0, 0, 0, 0, 0, 0, 0, 0, 0, 0, 0),
(1228, 225, 62, 2.04, 0, 0, 0, 0, 0, 0, 0, 0, 0, 0, 0),
(1229, 225, 64, 2.04, 0, 0, 0, 0, 0, 0, 0, 0, 0, 0, 0),
(1230, 225, 65, 2.04, 0, 0, 0, 0, 0, 0, 0, 0, 0, 0, 0),
(1231, 225, 67, 2.04, 0, 0, 0, 0, 0, 0, 0, 0, 0, 0, 0),
(1232, 225, 52, 3.62, 0, 0, 0, 0, 0, 0, 0, 0, 0, 0, 0),
(1233, 225, 58, 3.62, 0, 0, 0, 0, 0, 0, 0, 0, 0, 0, 0),
(1234, 225, 63, 3.62, 0, 0, 0, 0, 0, 0, 0, 0, 0, 0, 0),
(1235, 225, 66, 3.62, 3.62, 0, 0, 0, 0, 0, 0, 0, 0, 0, 0),
(1236, 225, 57, 2.04, 2.04, 0, 0, 0, 0, 0, 0, 0, 0, 0, 0),
(1237, 225, 59, 2.04, 0, 0, 0, 0, 0, 0, 0, 0, 0, 0, 0),
(1238, 225, 62, 2.04, 0, 0, 0, 0, 0, 0, 0, 0, 0, 0, 0),
(1239, 225, 64, 2.04, 0, 0, 0, 0, 0, 0, 0, 0, 0, 0, 0),
(1240, 225, 65, 2.04, 0, 0, 0, 0, 0, 0, 0, 0, 0, 0, 0),
(1241, 225, 67, 2.04, 0, 0, 0, 0, 0, 0, 0, 0, 0, 0, 0),
(1242, 225, 52, 3.62, 0, 0, 0, 0, 0, 0, 0, 0, 0, 0, 0),
(1243, 225, 58, 3.62, 0, 0, 0, 0, 0, 0, 0, 0, 0, 0, 0),
(1244, 225, 63, 3.62, 0, 0, 0, 0, 0, 0, 0, 0, 0, 0, 0),
(1245, 225, 66, 3.62, 3.62, 0, 0, 0, 0, 0, 0, 0, 0, 0, 0),
(1246, 226, 57, 1.47, 0, 0, 0, 0, 0, 0, 0, 0, 0, 0, 0),
(1247, 226, 59, 1.47, 0, 0, 0, 0, 0, 0, 0, 0, 0, 0, 0),
(1248, 226, 62, 1.47, 0, 0, 0, 0, 0, 0, 0, 0, 0, 0, 0),
(1249, 226, 64, 1.47, 0, 0, 0, 0, 0, 0, 0, 0, 0, 0, 0),
(1250, 226, 65, 1.47, 0, 0, 0, 0, 0, 0, 0, 0, 0, 0, 0),
(1251, 226, 67, 1.47, 0, 0, 0, 0, 0, 0, 0, 0, 0, 0, 0),
(1252, 226, 52, 12.49, 12.49, 0, 0, 0, 0, 0, 0, 0, 0, 0, 0),
(1253, 226, 58, 12.48, 0, 0, 0, 0, 0, 0, 0, 0, 0, 0, 0),
(1254, 226, 63, 12.48, 0, 0, 0, 0, 0, 0, 0, 0, 0, 0, 0),
(1255, 226, 66, 12.48, 0, 0, 0, 0, 0, 0, 0, 0, 0, 0, 1),
(1256, 227, 57, 4.48, 4.48, 0, 0, 0, 0, 0, 0, 0, 0, 0, 0),
(1257, 227, 59, 4.48, 5.15, 0, 0, 0, 0, 0, 0, 0, 0, 0, 0),
(1258, 227, 62, 5.18, 0, 0, 0, 0, 0, 0, 0, 0, 0, 0, 0),
(1259, 227, 64, 10, 10, 9.92, 0, 0, 0, 0, 0, 0, 0, 0, 1),
(1260, 227, 65, 9.48, 8.88, 7.6, 0, 0, 0, 0, 0, 0, 0, 0, 0),
(1261, 227, 67, 8.44, 0, 0, 0, 0, 0, 0, 0, 0, 0, 0, 0),
(1262, 227, 52, 7.88, 8.82, 9.5, 0, 0, 0, 0, 0, 0, 0, 0, 0),
(1263, 227, 58, 10.42, 10.42, 10.42, 0, 0, 0, 0, 0, 0, 0, 0, 1),
(1264, 227, 63, 7.93, 7.93, 0, 0, 0, 0, 0, 0, 0, 0, 0, 1),
(1265, 227, 66, 11.42, 11.42, 11.42, 0, 0, 0, 0, 0, 0, 0, 0, 1);

-- --------------------------------------------------------

--
-- Struktur dari tabel `tools`
--

CREATE TABLE IF NOT EXISTS `tools` (
  `id_tools` int(10) NOT NULL,
  `nama_tools` varchar(50) NOT NULL,
  `detail` varchar(50) NOT NULL,
  PRIMARY KEY (`id_tools`)
) ENGINE=InnoDB DEFAULT CHARSET=latin1;

--
-- Dumping data untuk tabel `tools`
--

INSERT INTO `tools` (`id_tools`, `nama_tools`, `detail`) VALUES
(10002, 'Micro', 'Micro A'),
(10003, 'Micro Head', 'Micro B'),
(10012, 'Caliper', ''),
(12005, 'Contracer', '');

--
-- Ketidakleluasaan untuk tabel pelimpahan (Dumped Tables)
--

--
-- Ketidakleluasaan untuk tabel `approve`
--
ALTER TABLE `approve`
  ADD CONSTRAINT `approve_ibfk_1` FOREIGN KEY (`id_form`) REFERENCES `form` (`id_form`);

--
-- Ketidakleluasaan untuk tabel `form`
--
ALTER TABLE `form`
  ADD CONSTRAINT `form_ibfk_1` FOREIGN KEY (`id_noir`) REFERENCES `no_ir` (`id_noir`) ON DELETE CASCADE;

--
-- Ketidakleluasaan untuk tabel `note`
--
ALTER TABLE `note`
  ADD CONSTRAINT `note_ibfk_1` FOREIGN KEY (`id_form`) REFERENCES `form` (`id_form`);

--
-- Ketidakleluasaan untuk tabel `no_ir`
--
ALTER TABLE `no_ir`
  ADD CONSTRAINT `no_ir_ibfk_1` FOREIGN KEY (`id_subsubIR`) REFERENCES `sub_subir` (`id_subsubIR`) ON DELETE CASCADE;

--
-- Ketidakleluasaan untuk tabel `sub_ir`
--
ALTER TABLE `sub_ir`
  ADD CONSTRAINT `sub_ir_ibfk_1` FOREIGN KEY (`id_ir`) REFERENCES `ir` (`id_ir`) ON DELETE CASCADE;

--
-- Ketidakleluasaan untuk tabel `sub_subir`
--
ALTER TABLE `sub_subir`
  ADD CONSTRAINT `sub_subir_ibfk_1` FOREIGN KEY (`id_subir`) REFERENCES `sub_ir` (`id_subir`) ON DELETE CASCADE;

--
-- Ketidakleluasaan untuk tabel `sub_tools`
--
ALTER TABLE `sub_tools`
  ADD CONSTRAINT `sub_tools_ibfk_1` FOREIGN KEY (`id_tools`) REFERENCES `tools` (`id_tools`) ON DELETE CASCADE ON UPDATE CASCADE;

--
-- Ketidakleluasaan untuk tabel `testing`
--
ALTER TABLE `testing`
  ADD CONSTRAINT `testing_ibfk_1` FOREIGN KEY (`id_form`) REFERENCES `form` (`id_form`),
  ADD CONSTRAINT `testing_ibfk_2` FOREIGN KEY (`id_inspeksi`) REFERENCES `inspeksi` (`id_inspeksi`);

/*!40101 SET CHARACTER_SET_CLIENT=@OLD_CHARACTER_SET_CLIENT */;
/*!40101 SET CHARACTER_SET_RESULTS=@OLD_CHARACTER_SET_RESULTS */;
/*!40101 SET COLLATION_CONNECTION=@OLD_COLLATION_CONNECTION */;
